periodo,sucursal,tiquetes,tiquetes_ok,ingreso,tarifa_mediana,vendedores_registrados,vendedores_efectivos,trayectos,anulados
2022-01,AGUAZUL,3027,3017,158780000.0,50000.0,19,8,74,10
2022-01,ARAUCA,16780,16712,1783593000.0,110000.0,75,8,54,68
2022-01,ARAUQUITA,1979,1943,208568000.0,100000.0,14,2,40,36
2022-01,ARCABUCO,17,17,498000.0,30000.0,1,1,9,0
2022-01,BARBOSA ANGELES,66,65,3582000.0,40000.0,7,6,11,1
2022-01,BOGOTA TERMINAL NORTE,589,579,63116000.0,120000.0,32,20,29,10
2022-01,BOGOTA TERMINAL SALITRE P 30,14228,14122,1401010000.0,110000.0,80,24,41,106
2022-01,BRICE?O,122,121,13740000.0,130000.0,17,12,14,1
2022-01,BUCARAMANGA TERMINAL,3745,3694,310844000.0,90000.0,45,7,48,51
2022-01,CRAVO NORTE,588,586,28760000.0,50000.0,1,1,1,2
2022-01,CUBARA,467,451,37567000.0,70000.0,3,1,21,16
2022-01,CUCUTA,1214,1212,113112500.0,97000.0,21,2,18,2
2022-01,CUMARAL,1403,1403,59181000.0,40000.0,8,5,26,0
2022-01,DUITAMA,1173,1158,67040000.0,55000.0,23,12,40,15
2022-01,EL VENADO,608,606,30010008.0,50000.0,7,6,44,2
2022-01,FORTUL,1984,1931,180675000.0,90000.0,4,1,45,53
2022-01,GARAGOA,923,911,24243000.0,25000.0,1,1,24,12
2022-01,HATO COROZAL,2476,2465,112523000.0,30000.0,5,1,82,11
2022-01,JENESANO,151,151,1981000.0,8000.0,1,1,12,0
2022-01,LA ESMERALDA,630,604,57515000.0,85000.0,4,1,25,26
2022-01,LOS PATIOS,146,143,14389000.0,107000.0,5,2,12,3
2022-01,MONIQUIRA,19,19,995000.0,45000.0,5,4,5,0
2022-01,MONTERREY,1757,1745,65820000.0,30000.0,13,3,48,12
2022-01,NUNCHIA,553,553,5965000.0,12000.0,1,1,9,0
2022-01,OIBA,45,43,3064000.0,80000.0,1,1,8,2
2022-01,OROCUE,976,965,37728000.0,40000.0,2,1,21,11
2022-01,PAIPA,555,552,13780000.0,8000.0,7,6,23,3
2022-01,PAMPLONA,156,143,11838000.0,80000.0,4,1,11,13
2022-01,PARATEBUENO,252,252,12064000.0,50000.0,4,3,18,0
2022-01,PATRIOTAS TUNJA,1057,1056,4845900.0,5000.0,5,4,11,1
2022-01,PAZ DE ARIPORO,11196,11189,257044000.0,20000.0,11,5,64,7
2022-01,PIEDECUESTA,306,299,21891000.0,80000.0,4,2,25,7
2022-01,PORE,3970,3968,82441000.0,16000.0,6,3,48,2
2022-01,PUEBLO NUEVO,415,390,42948000.0,110000.0,2,1,18,25
2022-01,RAMIRIQUI,567,567,4127000.0,8000.0,1,1,6,0
2022-01,SABANALARGA,206,206,5711000.0,36000.0,1,1,5,0
2022-01,SACAMA,188,185,10057000.0,55000.0,1,1,16,3
2022-01,SAN GIL,321,319,16522000.0,50000.0,4,2,20,2
2022-01,SAN LUIS DE GACENO,580,569,14857000.0,22000.0,1,1,26,11
2022-01,SAN LUIS DE PALENQUE,933,932,25044000.0,20000.0,1,1,23,1
2022-01,SANTA MARIA,660,649,17040008.0,28000.0,1,1,22,11
2022-01,SARAVENA,5040,4967,452458000.0,80000.0,28,3,62,73
2022-01,SOCORRO,121,121,6814000.0,60000.0,2,2,11,0
2022-01,SOGAMOSO,6359,6328,287300000.0,50000.0,29,7,42,31
2022-01,TAMARA,1020,1020,19457000.0,20000.0,1,1,11,0
2022-01,TAME,9393,9319,624881016.0,70000.0,23,6,68,74
2022-01,TIBANA,431,427,6521000.0,10000.0,1,1,14,4
2022-01,TRINIDAD,1982,1977,43043000.0,22000.0,1,1,32,5
2022-01,TUNJA,6423,6414,179904500.0,10000.0,33,14,69,9
2022-01,VADOREAL,87,87,3935000.0,40000.0,1,1,11,0
2022-01,VILLA DE LEYVA,298,298,2664000.0,9000.0,1,1,2,0
2022-01,VILLANUEVA,6094,6075,222277000.0,35000.0,17,6,57,19
2022-01,VILLAVICENCIO,11057,11021,655964000.0,50000.0,36,6,44,36
2022-01,YOMASA,1816,1810,71146000.0,30000.0,2,2,22,6
2022-01,YOPAL,30894,30790,1185952800.0,30000.0,60,16,154,104
2022-01,YOPALOSA,740,739,19236000.0,16000.0,3,1,32,1
2022-02,AGUAZUL,2664,2654,117489000.0,40000.0,21,8,78,10
2022-02,ARAUCA,10209,10189,968358000.0,100000.0,66,8,53,20
2022-02,ARAUQUITA,992,974,100043000.0,100000.0,4,2,44,18
2022-02,ARCABUCO,14,14,374000.0,27500.0,1,1,6,0
2022-02,BARBOSA ANGELES,46,46,2134000.0,40000.0,7,5,11,0
2022-02,BOGOTA TERMINAL NORTE,448,447,46016000.0,110000.0,32,18,21,1
2022-02,BOGOTA TERMINAL SALITRE P 30,9904,9850,910801000.0,100000.0,73,25,38,54
2022-02,BRICE?O,116,114,10190000.0,80000.0,15,10,12,2
2022-02,BUCARAMANGA TERMINAL,2018,1996,144178000.0,75000.0,36,6,41,22
2022-02,CRAVO NORTE,325,322,15520000.0,50000.0,2,1,1,3
2022-02,CUBARA,233,216,19038000.0,90000.0,1,1,20,17
2022-02,CUCUTA,434,434,37632000.0,87000.0,13,2,16,0
2022-02,CUMARAL,1144,1144,48281000.0,40000.0,8,3,23,0
2022-02,DUITAMA,874,862,31622000.0,35000.0,21,12,34,12
2022-02,EL VENADO,474,473,17499000.0,30000.0,9,6,34,1
2022-02,FORTUL,1751,1725,144979600.0,85000.0,3,1,50,26
2022-02,GARAGOA,557,551,13609000.0,25000.0,1,1,21,6
2022-02,HATO COROZAL,1936,1925,81420000.0,30000.0,5,1,77,11
2022-02,JENESANO,368,368,4436000.0,8000.0,1,1,16,0
2022-02,LA ESMERALDA,247,243,21900000.0,85000.0,2,1,17,4
2022-02,LOS PATIOS,110,109,10391000.0,100000.0,3,2,12,1
2022-02,MONIQUIRA,13,13,638000.0,35000.0,3,3,7,0
2022-02,MONTERREY,1456,1456,50655000.0,30000.0,6,4,38,0
2022-02,NUNCHIA,453,453,4631000.0,12000.0,1,1,6,0
2022-02,OIBA,29,29,1292000.0,30000.0,1,1,7,0
2022-02,OROCUE,715,697,26954000.0,40000.0,1,1,19,18
2022-02,PAIPA,459,459,9043000.0,8000.0,6,5,20,0
2022-02,PAMPLONA,71,71,5209000.0,70000.0,2,1,10,0
2022-02,PARATEBUENO,210,210,6657000.0,25000.0,3,2,17,0
2022-02,PATRIOTAS TUNJA,933,933,4862800.0,5500.0,5,4,11,0
2022-02,PAZ DE ARIPORO,8039,8036,167384000.0,20000.0,13,5,57,3
2022-02,PIEDECUESTA,262,257,14872000.0,60000.0,4,3,23,5
2022-02,PORE,3335,3335,59129000.0,16000.0,6,2,39,0
2022-02,PUEBLO NUEVO,186,182,18092000.0,105000.0,3,1,13,4
2022-02,RAMIRIQUI,605,605,4454500.0,8000.0,1,1,7,0
2022-02,SABANALARGA,210,210,6450000.0,36000.0,1,1,5,0
2022-02,SACAMA,192,192,11020000.0,60000.0,1,1,10,0
2022-02,SAN GIL,186,186,6824000.0,30500.0,1,1,12,0
2022-02,SAN LUIS DE GACENO,398,397,9815000.0,25000.0,1,1,18,1
2022-02,SAN LUIS DE PALENQUE,723,721,16141000.0,20000.0,1,1,18,2
2022-02,SANTA MARIA,445,443,10962000.0,20000.0,1,1,21,2
2022-02,SARAVENA,2546,2518,213220000.0,90000.0,13,4,48,28
2022-02,SOCORRO,58,58,3195000.0,60000.0,1,1,9,0
2022-02,SOGAMOSO,2678,2665,83274001.0,33000.0,12,7,38,13
2022-02,TAMARA,693,693,13141000.0,20000.0,1,1,11,0
2022-02,TAME,5973,5957,354613000.0,65000.0,27,7,63,16
2022-02,TIBANA,398,398,5252000.0,10000.0,1,1,13,0
2022-02,TRINIDAD,1480,1475,32069000.0,22000.0,1,1,29,5
2022-02,TUNJA,5984,5978,114936100.0,8500.0,37,12,68,6
2022-02,VADOREAL,46,46,1507000.0,25000.0,1,1,12,0
2022-02,VILLA DE LEYVA,189,189,1867000.0,10000.0,1,1,2,0
2022-02,VILLANUEVA,5143,5122,171937000.0,30000.0,17,7,64,21
2022-02,VILLAVICENCIO,7812,7792,435297000.0,50000.0,26,7,47,20
2022-02,YOMASA,1020,1019,36019000.0,25000.0,2,2,20,1
2022-02,YOPAL,22301,22247,728268556.0,20000.0,48,15,148,54
2022-03,AGUAZUL,3056,3053,136736000.0,40000.0,16,8,66,3
2022-03,ARAUCA,10031,10003,919558900.0,100000.0,71,8,51,28
2022-03,ARAUQUITA,832,807,82265000.0,100000.0,8,2,35,25
2022-03,ARCABUCO,22,22,542000.0,21500.0,1,1,6,0
2022-03,BARBOSA ANGELES,44,44,1931000.0,40000.0,6,4,13,0
2022-03,BOGOTA TERMINAL NORTE,656,651,65762000.0,110000.0,35,18,25,5
2022-03,BOGOTA TERMINAL SALITRE P 30,11766,11723,1022451000.0,100000.0,72,24,37,43
2022-03,BRICE?O,179,177,16750000.0,100000.0,17,12,13,2
2022-03,BUCARAMANGA TERMINAL,2715,2690,190253001.0,70000.0,42,7,45,25
2022-03,CRAVO NORTE,489,467,23250000.0,50000.0,1,1,1,22
2022-03,CUBARA,304,289,25344000.0,90000.0,1,1,19,15
2022-03,CUCUTA,597,589,48407000.0,77000.0,17,2,17,8
2022-03,CUMARAL,1511,1511,57620000.0,35000.0,6,4,27,0
2022-03,DUITAMA,1178,1169,39964000.0,30000.0,22,12,38,9
2022-03,EL VENADO,533,533,18537000.0,30000.0,9,6,36,0
2022-03,FORTUL,1241,1206,104562000.0,85000.0,7,1,62,35
2022-03,GARAGOA,802,796,19838000.0,25000.0,1,1,28,6
2022-03,HATO COROZAL,2548,2538,103263000.0,30000.0,4,1,97,10
2022-03,JENESANO,427,427,4940000.0,8000.0,1,1,22,0
2022-03,LA ESMERALDA,176,175,14983000.0,80000.0,2,1,15,1
2022-03,LOS PATIOS,61,61,5788000.0,105000.0,6,3,10,0
2022-03,MONIQUIRA,4,4,120000.0,27500.0,3,3,4,0
2022-03,MONTERREY,1633,1628,56432000.0,30000.0,8,4,50,5
2022-03,NUNCHIA,529,528,5443000.0,12000.0,1,1,7,1
2022-03,OIBA,28,28,1463000.0,40000.0,1,1,10,0
2022-03,OROCUE,819,805,30896000.0,40000.0,2,1,21,14
2022-03,PAIPA,383,382,8546000.0,8000.0,8,5,21,1
2022-03,PAMPLONA,140,130,10318000.0,70000.0,3,1,12,10
2022-03,PARATEBUENO,259,259,9883000.0,30000.0,3,2,26,0
2022-03,PATRIOTAS TUNJA,1029,1029,5374200.0,5500.0,4,3,11,0
2022-03,PAZ DE ARIPORO,9758,9751,196123000.0,20000.0,15,4,66,7
2022-03,PIEDECUESTA,385,383,21010000.0,50000.0,5,3,32,2
2022-03,PORE,3644,3644,64533000.0,16000.0,4,2,43,0
2022-03,PUEBLO NUEVO,168,162,15758000.0,105000.0,3,1,12,6
2022-03,RAMIRIQUI,680,680,4960500.0,8000.0,1,1,6,0
2022-03,SABANALARGA,179,178,5564000.0,36000.0,1,1,5,1
2022-03,SACAMA,262,261,15070000.0,60000.0,1,1,13,1
2022-03,SAN GIL,246,246,9973000.0,40000.0,1,1,18,0
2022-03,SAN LUIS DE GACENO,497,497,12767500.0,25000.0,1,1,28,0
2022-03,SAN LUIS DE PALENQUE,874,868,19235000.0,20000.0,1,1,17,6
2022-03,SANTA MARIA,547,543,13524000.0,20000.0,1,1,21,4
2022-03,SARAVENA,2730,2700,215015000.0,70000.0,17,4,48,30
2022-03,SOCORRO,119,119,4991000.0,42000.0,1,1,12,0
2022-03,SOGAMOSO,3496,3468,115436000.0,35000.0,24,8,49,28
2022-03,TAMARA,879,879,16572000.0,20000.0,1,1,10,0
2022-03,TAME,7348,7314,410211008.0,60000.0,25,7,76,34
2022-03,TIBANA,508,508,6399000.0,10000.0,1,1,17,0
2022-03,TRINIDAD,1770,1769,37822000.0,22000.0,1,1,32,1
2022-03,TUNJA,7103,7093,146147000.0,8500.0,38,14,71,10
2022-03,VADOREAL,77,77,3201000.0,32500.0,1,1,10,0
2022-03,VILLA DE LEYVA,134,134,1292000.0,10000.0,1,1,2,0
2022-03,VILLANUEVA,5633,5613,194702000.0,30000.0,14,6,65,20
2022-03,VILLAVICENCIO,9573,9555,518112000.0,50000.0,33,5,55,18
2022-03,YOMASA,1600,1596,55653000.0,25000.0,2,2,22,4
2022-03,YOPAL,26913,26879,884581001.0,20000.0,52,15,148,34
2022-04,AGUAZUL,3826,3817,182979000.0,45000.0,39,7,60,9
2022-04,ARAUCA,9450,9408,849874000.0,100000.0,76,9,44,42
2022-04,ARAUQUITA,1097,1056,110535000.0,100000.0,8,2,31,41
2022-04,ARCABUCO,24,24,619000.0,25000.0,2,1,9,0
2022-04,BARBOSA ANGELES,64,45,2203000.0,35000.0,8,5,12,19
2022-04,BOGOTA COFLONORTE P 27,4884,4869,476087000.0,110000.0,59,18,29,15
2022-04,BOGOTA TERMINAL NORTE,1008,994,91866000.0,100000.0,48,23,26,14
2022-04,BOGOTA TERMINAL SALITRE P 30,9450,9424,783003000.0,95000.0,84,19,42,26
2022-04,BRICE?O,223,221,21533000.0,100000.0,25,15,14,2
2022-04,BUCARAMANGA TERMINAL,3305,3249,252608998.0,80000.0,53,10,42,56
2022-04,CRAVO NORTE,520,503,24725000.0,50000.0,2,1,2,17
2022-04,CUBARA,142,134,10425000.0,65000.0,2,1,11,8
2022-04,CUCUTA,1066,1061,92238000.0,85000.0,25,3,20,5
2022-04,CUMARAL,1593,1591,66860000.0,40000.0,11,4,27,2
2022-04,DUITAMA,1057,1050,56814000.0,45000.0,29,13,35,7
2022-04,EL VENADO,450,450,17121000.0,36000.0,8,5,33,0
2022-04,FORTUL,1150,1103,98964000.0,90000.0,5,1,36,47
2022-04,GARAGOA,1018,1016,26524000.0,25000.0,1,1,24,2
2022-04,HATO COROZAL,2322,2316,99605000.0,30000.0,16,1,43,6
2022-04,JENESANO,82,82,1055000.0,8000.0,2,1,9,0
2022-04,LA ESMERALDA,326,321,29235000.0,85000.0,1,1,19,5
2022-04,LOS PATIOS,80,80,7390000.0,97000.0,3,2,9,0
2022-04,MONIQUIRA,45,23,1534000.0,34000.0,10,7,13,22
2022-04,MONTERREY,1592,1587,56955000.0,30000.0,11,4,41,5
2022-04,NUNCHIA,550,550,5775000.0,12000.0,1,1,5,0
2022-04,OIBA,12,11,725000.0,57500.0,1,1,6,1
2022-04,OROCUE,945,912,35475000.0,40000.0,2,1,20,33
2022-04,PAIPA,419,419,11109000.0,8000.0,10,5,23,0
2022-04,PAMPLONA,193,192,16024000.0,80000.0,8,2,10,1
2022-04,PARATEBUENO,310,310,12036000.0,40000.0,3,2,16,0
2022-04,PATRIOTAS TUNJA,1043,1043,5348100.0,5500.0,4,3,11,0
2022-04,PAZ DE ARIPORO,10331,10322,221702000.0,20000.0,15,5,60,9
2022-04,PIEDECUESTA,397,392,22518000.0,55000.0,6,3,25,5
2022-04,PORE,4809,4809,133072000.0,16000.0,13,6,35,0
2022-04,PUEBLO NUEVO,216,214,19605000.0,100000.0,2,1,10,2
2022-04,RAMIRIQUI,584,584,4275500.0,8000.0,1,1,6,0
2022-04,SABANALARGA,200,200,6354000.0,36000.0,1,1,5,0
2022-04,SACAMA,213,213,12063000.0,60000.0,1,1,12,0
2022-04,SAN GIL,300,300,14728000.0,50000.0,3,1,15,0
2022-04,SAN LUIS DE GACENO,481,480,12710000.0,25000.0,3,1,25,1
2022-04,SAN LUIS DE PALENQUE,823,819,16863000.0,20000.0,1,1,10,4
2022-04,SANTA MARIA,505,502,13491000.0,28000.0,2,1,24,3
2022-04,SARAVENA,3679,3617,303584000.0,80000.0,35,5,48,62
2022-04,SOCORRO,141,141,7614000.0,55000.0,1,1,11,0
2022-04,SOGAMOSO,4989,4938,182876501.0,35000.0,39,9,48,51
2022-04,TAMARA,918,918,17669000.0,20000.0,1,1,9,0
2022-04,TAME,7378,7340,415730524.0,50000.0,34,8,59,38
2022-04,TIBANA,361,360,4962000.0,10000.0,1,1,12,1
2022-04,TRINIDAD,1795,1794,37611000.0,22000.0,2,1,20,1
2022-04,TUNJA,6953,6948,163972500.0,9000.0,48,16,61,5
2022-04,VADOREAL,64,62,2756000.0,35000.0,1,1,9,2
2022-04,VILLA DE LEYVA,190,190,1857000.0,10000.0,2,2,2,0
2022-04,VILLANUEVA,6132,6112,228627000.0,35000.0,19,6,62,20
2022-04,VILLAVICENCIO,11014,10977,634600000.0,50000.0,43,5,47,37
2022-04,YOMASA,2234,2234,80877000.0,30000.0,3,2,18,0
2022-04,YOPAL,31028,30939,1115202001.0,22000.0,76,16,139,89
2022-05,AGUAZUL,3534,3528,172227000.0,50000.0,31,7,57,6
2022-05,ARAUCA,7889,7852,655506000.0,95000.0,69,6,41,37
2022-05,ARAUQUITA,951,933,79130000.0,90000.0,8,2,21,18
2022-05,ARCABUCO,34,34,671000.0,16000.0,1,1,10,0
2022-05,BARBOSA ANGELES,61,61,1940000.0,28000.0,3,2,8,0
2022-05,BOGOTA COFLONORTE P 27,5313,5287,499013000.0,100000.0,62,16,31,26
2022-05,BOGOTA TERMINAL NORTE,919,907,86537000.0,90000.0,48,21,20,12
2022-05,BOGOTA TERMINAL SALITRE P 30,8069,8022,664694000.0,90000.0,64,11,33,47
2022-05,BRICE?O,186,185,15033000.0,80000.0,22,11,13,1
2022-05,BUCARAMANGA TERMINAL,2294,2272,174987000.0,80000.0,41,7,34,22
2022-05,CRAVO NORTE,482,468,23050000.0,50000.0,1,1,1,14
2022-05,CUBARA,154,146,13165000.0,70000.0,4,1,7,8
2022-05,CUCUTA,619,618,52052000.0,82000.0,13,2,20,1
2022-05,CUMARAL,1632,1631,68065000.0,40000.0,12,4,21,1
2022-05,DUITAMA,874,866,43307000.0,55000.0,23,13,29,8
2022-05,EL VENADO,427,427,14125000.0,30000.0,9,5,26,0
2022-05,FORTUL,734,699,63220000.0,90000.0,8,1,31,35
2022-05,GARAGOA,880,874,22297000.0,25000.0,1,1,22,6
2022-05,HATO COROZAL,2113,2106,78018000.0,30000.0,9,1,40,7
2022-05,JENESANO,313,313,4148000.0,8000.0,1,1,16,0
2022-05,LA ESMERALDA,174,169,16126000.0,85000.0,3,1,13,5
2022-05,LOS PATIOS,52,52,4423000.0,79500.0,3,2,8,0
2022-05,MONIQUIRA,6,6,139000.0,3500.0,2,2,3,0
2022-05,MONTERREY,1813,1811,62363000.0,30000.0,17,3,41,2
2022-05,NUNCHIA,503,503,5186800.0,12000.0,1,1,7,0
2022-05,OIBA,36,36,1472000.0,30000.0,1,1,9,0
2022-05,OROCUE,837,814,31455000.0,40000.0,1,1,16,23
2022-05,PAIPA,438,438,8254000.0,8000.0,9,6,17,0
2022-05,PAMPLONA,139,138,9734000.0,70000.0,6,1,12,1
2022-05,PARATEBUENO,331,329,12993000.0,25000.0,6,1,18,2
2022-05,PATRIOTAS TUNJA,1265,1265,6523000.0,5500.0,4,4,11,0
2022-05,PAZ DE ARIPORO,10253,10250,206878000.0,20000.0,14,5,56,3
2022-05,PIEDECUESTA,308,308,15244000.0,40000.0,9,3,14,0
2022-05,PORE,4392,4390,95598000.0,16000.0,16,5,40,2
2022-05,PUEBLO NUEVO,208,202,18197000.0,100000.0,5,1,11,6
2022-05,RAMIRIQUI,771,771,5735000.0,8000.0,1,1,6,0
2022-05,SABANALARGA,216,216,6899016.0,36000.0,1,1,5,0
2022-05,SACAMA,217,216,12846000.0,60000.0,1,1,6,1
2022-05,SAN GIL,289,289,10473000.0,25000.0,3,1,14,0
2022-05,SAN LUIS DE GACENO,440,438,12619000.0,28000.0,3,1,22,2
2022-05,SAN LUIS DE PALENQUE,769,756,15832000.0,20000.0,1,1,12,13
2022-05,SANTA MARIA,456,456,11446000.0,25000.0,1,1,22,0
2022-05,SARAVENA,2404,2379,190844000.0,70000.0,31,4,39,25
2022-05,SOCORRO,90,90,4250000.0,40000.0,2,1,10,0
2022-05,SOGAMOSO,4472,4452,170555000.0,40000.0,21,7,45,20
2022-05,TAMARA,892,892,16839000.0,20000.0,1,1,11,0
2022-05,TAME,6667,6639,373440000.0,50000.0,35,10,50,28
2022-05,TIBANA,445,445,5935000.0,10000.0,1,1,11,0
2022-05,TRINIDAD,1639,1634,34031000.0,22000.0,1,1,19,5
2022-05,TUNJA,6883,6865,170716000.0,9000.0,53,14,59,18
2022-05,VADOREAL,71,69,2481000.0,30000.0,2,1,12,2
2022-05,VILLA DE LEYVA,188,188,1875000.0,10000.0,1,1,2,0
2022-05,VILLANUEVA,5727,5714,200516000.0,30000.0,21,6,59,13
2022-05,VILLAVICENCIO,9544,9520,548221000.0,50000.0,46,5,37,24
2022-05,YOMASA,1037,1035,36556000.0,25000.0,4,2,16,2
2022-05,YOPAL,29170,29094,1024473217.0,22000.0,75,15,128,76
2022-05,YOPALOSA,1,1,36000.0,36000.0,1,1,1,0
2022-06,AGUAZUL,3486,3481,175210000.0,50000.0,47,8,65,5
2022-06,ARAUCA,9772,9730,809102900.0,90000.0,73,7,40,42
2022-06,ARAUQUITA,1069,1037,104893000.0,100000.0,9,2,31,32
2022-06,ARCABUCO,26,26,455000.0,14000.0,1,1,5,0
2022-06,BARBOSA ANGELES,69,69,2602000.01,35000.0,6,3,11,0
2022-06,BOGOTA COFLONORTE P 27,6296,6270,570681000.0,100000.0,61,17,31,26
2022-06,BOGOTA TERMINAL NORTE,1317,1299,107556000.0,80000.0,50,18,28,18
2022-06,BOGOTA TERMINAL SALITRE P 30,8307,8258,678265000.0,90000.0,66,11,34,49
2022-06,BRICE?O,225,223,20119000.0,90000.0,24,14,18,2
2022-06,BUCARAMANGA TERMINAL,3077,3048,239118000.0,80000.0,57,9,31,29
2022-06,CRAVO NORTE,584,560,27940000.0,50000.0,1,1,1,24
2022-06,CUBARA,275,258,22767000.0,70000.0,5,1,8,17
2022-06,CUCUTA,910,907,78046000.0,82000.0,29,3,16,3
2022-06,CUMARAL,2007,2007,78293000.0,35000.0,13,6,30,0
2022-06,DUITAMA,1071,1061,56901000.0,55000.0,26,12,25,10
2022-06,EL VENADO,467,467,16994000.0,35000.0,7,6,30,0
2022-06,FORTUL,983,965,84534000.0,90000.0,7,1,32,18
2022-06,GARAGOA,1003,991,25100000.0,25000.0,1,1,28,12
2022-06,HATO COROZAL,2189,2188,77090000.0,30000.0,11,1,40,1
2022-06,JENESANO,432,432,6218000.0,8000.0,1,1,17,0
2022-06,LA ESMERALDA,311,309,27572000.0,80000.0,6,1,16,2
2022-06,LOS PATIOS,94,94,8546000.0,97000.0,6,2,11,0
2022-06,MONIQUIRA,31,31,1048500.0,40000.0,4,2,10,0
2022-06,MONTERREY,2068,2067,70789000.0,30000.0,22,3,42,1
2022-06,NUNCHIA,484,484,5242000.0,12000.0,1,1,5,0
2022-06,OIBA,40,40,1899000.0,32500.0,1,1,7,0
2022-06,OROCUE,998,961,38217000.0,40000.0,3,1,20,37
2022-06,PAIPA,395,395,9140000.0,8000.0,10,5,17,0
2022-06,PAMPLONA,359,355,27803000.0,80000.0,9,2,13,4
2022-06,PARATEBUENO,651,651,20921000.0,25000.0,8,1,18,0
2022-06,PATRIOTAS TUNJA,990,990,5081600.0,5500.0,4,4,11,0
2022-06,PAZ DE ARIPORO,10567,10564,222639000.0,20000.0,16,5,62,3
2022-06,PIEDECUESTA,349,345,18098000.0,45000.0,10,3,15,4
2022-06,PORE,4886,4885,108004000.0,16000.0,17,4,38,1
2022-06,PUEBLO NUEVO,232,227,21300000.0,100000.0,3,1,14,5
2022-06,RAMIRIQUI,613,613,4553400.0,8000.0,1,1,6,0
2022-06,SABANALARGA,214,214,6769000.0,36000.0,1,1,6,0
2022-06,SACAMA,206,204,11975000.0,60000.0,1,1,5,2
2022-06,SAN GIL,313,313,12183000.0,35000.0,3,1,15,0
2022-06,SAN LUIS DE GACENO,326,322,8296000.0,24000.0,4,1,23,4
2022-06,SAN LUIS DE PALENQUE,907,907,19794000.0,20000.0,1,1,17,0
2022-06,SANTA MARIA,620,619,16057000.0,28000.0,1,1,26,1
2022-06,SARAVENA,3312,3278,268272000.0,70000.0,27,4,33,34
2022-06,SOCORRO,104,104,5557000.0,45000.0,4,1,12,0
2022-06,SOGAMOSO,5016,4993,212866500.0,50000.0,33,7,35,23
2022-06,TAMARA,866,866,16295000.0,20000.0,1,1,9,0
2022-06,TAME,8466,8402,474424501.0,50000.0,40,9,62,64
2022-06,TIBANA,435,435,5401000.0,10000.0,1,1,12,0
2022-06,TRINIDAD,1712,1692,37975000.02,22000.0,3,1,24,20
2022-06,TUNJA,6987,6971,192506000.0,10000.0,66,15,57,16
2022-06,VADOREAL,54,53,1965000.0,30000.0,2,1,7,1
2022-06,VILLA DE LEYVA,160,160,1556000.0,10000.0,1,1,2,0
2022-06,VILLANUEVA,6415,6403,225120000.0,30000.0,18,5,59,12
2022-06,VILLAVICENCIO,10433,10419,602647000.0,50000.0,52,6,38,14
2022-06,YOMASA,2236,2227,78383000.0,30000.0,4,2,20,9
2022-06,YOPAL,32344,32276,1191059008.0,30000.0,83,16,129,68
2022-06,YOPALOSA,9,9,590000.0,60000.0,4,4,2,0
2022-07,AGUAZUL,3463,3446,173881000.0,50000.0,36,6,54,17
2022-07,ARAUCA,12999,12930,1105643999.0,90000.0,80,8,44,69
2022-07,ARAUQUITA,1122,1091,112407000.0,100000.0,6,2,26,31
2022-07,ARCABUCO,15,15,296000.0,16000.0,1,1,5,0
2022-07,BARBOSA ANGELES,62,61,2443000.0,30000.0,5,4,10,1
2022-07,BOGOTA COFLONORTE P 27,7185,7151,658259000.0,100000.0,61,17,32,34
2022-07,BOGOTA TERMINAL NORTE,1337,1319,108773000.0,80000.0,51,20,25,18
2022-07,BOGOTA TERMINAL SALITRE P 30,9602,9557,786531000.0,90000.0,60,11,38,45
2022-07,BRICE?O,196,194,19324000.0,100000.0,21,13,12,2
2022-07,BUCARAMANGA TERMINAL,2921,2875,224556000.0,80000.0,52,8,31,46
2022-07,CRAVO NORTE,485,458,23125000.0,50000.0,1,1,2,27
2022-07,CUBARA,306,303,25009000.0,65000.0,6,2,10,3
2022-07,CUCUTA,993,988,86608000.0,87000.0,30,3,18,5
2022-07,CUMARAL,2172,2172,86039000.0,35000.0,15,4,31,0
2022-07,DUITAMA,1211,1196,58709000.0,50000.0,28,11,28,15
2022-07,EL VENADO,418,416,16078008.0,36000.0,9,5,28,2
2022-07,FORTUL,903,883,78250000.0,90000.0,6,1,30,20
2022-07,GARAGOA,1193,1188,30832000.0,25000.0,1,1,22,5
2022-07,HATO COROZAL,2452,2446,89660500.0,30000.0,11,1,41,6
2022-07,JENESANO,327,326,4234000.0,8000.0,1,1,21,1
2022-07,LA ESMERALDA,218,212,19995000.0,85000.0,3,1,14,6
2022-07,LOS PATIOS,64,63,5895000.0,98500.0,4,2,7,1
2022-07,MONIQUIRA,17,16,717000.0,35000.0,4,4,8,1
2022-07,MONTERREY,2033,2030,78834000.0,35000.0,21,3,40,3
2022-07,NUNCHIA,630,630,6612000.0,12000.0,1,1,8,0
2022-07,OIBA,52,52,2422000.0,35000.0,2,1,4,0
2022-07,OROCUE,1052,1037,39572000.0,40000.0,2,1,16,15
2022-07,PAIPA,542,536,11559000.0,8000.0,10,7,22,6
2022-07,PAMPLONA,197,197,15346000.0,75000.0,6,2,9,0
2022-07,PARATEBUENO,873,869,27799000.0,25000.0,8,2,19,4
2022-07,PATRIOTAS TUNJA,957,957,4792900.0,5500.0,4,3,11,0
2022-07,PAZ DE ARIPORO,12715,12708,267383500.0,20000.0,16,5,65,7
2022-07,PIEDECUESTA,358,352,20607000.0,60000.0,12,3,15,6
2022-07,PORE,5646,5646,134607000.0,16000.0,16,5,44,0
2022-07,PUEBLO NUEVO,190,182,17315000.0,100000.0,1,1,10,8
2022-07,RAMIRIQUI,733,733,5460000.0,8000.0,1,1,6,0
2022-07,SABANALARGA,200,200,5881000.0,36000.0,1,1,5,0
2022-07,SACAMA,215,215,11420000.0,55000.0,1,1,8,0
2022-07,SAN GIL,398,398,15563000.0,35000.0,4,1,15,0
2022-07,SAN LUIS DE GACENO,557,557,14931000.0,25000.0,5,1,21,0
2022-07,SAN LUIS DE PALENQUE,1056,1055,27365000.0,20000.0,1,1,23,1
2022-07,SANTA MARIA,716,712,18311000.0,28000.0,1,1,24,4
2022-07,SARAVENA,3420,3393,282697000.0,80000.0,35,4,36,27
2022-07,SOCORRO,105,105,4760000.0,42000.0,2,1,10,0
2022-07,SOGAMOSO,5564,5531,246579000.0,50000.0,35,6,41,33
2022-07,TAMARA,1046,1046,20029000.0,20000.0,1,1,10,0
2022-07,TAME,9209,9147,525660999.0,60000.0,34,9,64,62
2022-07,TIBANA,357,356,4766000.0,10000.0,1,1,14,1
2022-07,TRINIDAD,1986,1983,50537000.0,22000.0,2,1,32,3
2022-07,TUNJA,6951,6936,181203000.0,10000.0,57,14,54,15
2022-07,VADOREAL,92,92,3453000.0,30000.0,1,1,10,0
2022-07,VILLA DE LEYVA,272,272,2710000.0,10000.0,3,2,2,0
2022-07,VILLANUEVA,6834,6825,243824000.0,34000.0,18,6,67,9
2022-07,VILLAVICENCIO,12355,12326,682610000.0,50000.0,46,5,39,29
2022-07,YOMASA,2511,2505,96194000.0,30000.0,4,2,24,6
2022-07,YOPAL,35720,35585,1284069000.0,22000.0,92,15,129,135
2022-07,YOPALOSA,15,15,684000.0,65000.0,3,3,3,0
2022-08,AGUAZUL,3371,3360,161344000.0,50000.0,41,7,62,11
2022-08,ARAUCA,14138,14107,1203826000.0,90000.0,74,8,43,31
2022-08,ARAUQUITA,1060,1041,105240000.0,100000.0,10,2,29,19
2022-08,ARCABUCO,2,2,20000.0,10000.0,1,1,1,0
2022-08,BARBOSA ANGELES,4,4,415000.0,115000.0,2,2,3,0
2022-08,BOGOTA COFLONORTE P 27,6968,6923,650274008.0,100000.0,63,17,30,45
2022-08,BOGOTA TERMINAL NORTE,1329,1326,99408000.0,70000.0,53,22,25,3
2022-08,BOGOTA TERMINAL SALITRE P 30,8799,8760,715998000.0,90000.0,62,10,34,39
2022-08,BRICE?O,289,286,24810000.0,100000.0,22,11,21,3
2022-08,BUCARAMANGA TERMINAL,2680,2634,205752000.0,80000.0,39,6,30,46
2022-08,CRAVO NORTE,554,518,26345000.0,50000.0,2,1,1,36
2022-08,CUBARA,339,324,26499000.0,65000.0,4,2,9,15
2022-08,CUCUTA,914,912,75600000.0,82000.0,22,3,19,2
2022-08,CUMARAL,1657,1656,64540000.0,35000.0,14,4,27,1
2022-08,DUITAMA,1021,1014,45453000.0,35000.0,23,12,26,7
2022-08,EL VENADO,417,417,14238000.0,25000.0,10,7,20,0
2022-08,FORTUL,945,924,79728000.0,90000.0,9,1,29,21
2022-08,GARAGOA,1019,1009,25651000.0,25000.0,2,1,24,10
2022-08,HATO COROZAL,2510,2490,87406000.0,30000.0,14,1,39,20
2022-08,JENESANO,323,323,4297000.0,8000.0,1,1,15,0
2022-08,LA ESMERALDA,327,323,29233000.0,85000.0,4,1,12,4
2022-08,LOS PATIOS,86,86,7879000.0,97000.0,4,2,10,0
2022-08,MONIQUIRA,2,2,83000.0,41500.0,2,2,2,0
2022-08,MONTERREY,1936,1926,71617000.0,35000.0,15,3,39,10
2022-08,NUNCHIA,570,568,6042000.0,12000.0,1,1,8,2
2022-08,OIBA,13,13,950000.0,80000.0,3,2,3,0
2022-08,OROCUE,963,947,36611000.0,40000.0,1,1,17,16
2022-08,PAIPA,453,449,10105000.0,8000.0,11,7,16,4
2022-08,PAMPLONA,106,104,7897000.0,70000.0,3,1,10,2
2022-08,PARATEBUENO,544,538,15471000.0,20000.0,5,2,21,6
2022-08,PATRIOTAS TUNJA,1195,1195,6031600.0,5500.0,4,4,11,0
2022-08,PAZ DE ARIPORO,11211,11201,237688000.0,20000.0,18,6,55,10
2022-08,PIEDECUESTA,323,319,18032000.0,60000.0,9,3,16,4
2022-08,PORE,4893,4890,109716000.0,16000.0,16,6,44,3
2022-08,PUEBLO NUEVO,251,243,22860000.0,100000.0,3,1,11,8
2022-08,RAMIRIQUI,648,648,4791500.0,8000.0,1,1,6,0
2022-08,SABANALARGA,187,187,5666000.0,36000.0,1,1,5,0
2022-08,SACAMA,152,152,8792000.0,60000.0,1,1,10,0
2022-08,SAN GIL,198,198,8357998.0,40000.0,1,1,13,0
2022-08,SAN LUIS DE GACENO,651,650,17497000.0,25000.0,4,1,22,1
2022-08,SAN LUIS DE PALENQUE,971,967,24548000.0,20000.0,1,1,18,4
2022-08,SANTA MARIA,578,573,14288000.0,25000.0,1,1,24,5
2022-08,SARAVENA,3077,3027,251081000.0,80000.0,28,4,37,50
2022-08,SOCORRO,54,54,3094000.0,50000.0,1,1,7,0
2022-08,SOGAMOSO,3556,3528,121192000.0,35000.0,24,8,34,28
2022-08,TAMARA,849,837,15993000.0,20000.0,1,1,11,12
2022-08,TAME,9176,9118,529536500.0,60000.0,42,8,77,58
2022-08,TIBANA,472,472,6526000.0,10000.0,1,1,12,0
2022-08,TRINIDAD,1896,1891,48867000.0,22000.0,3,1,31,5
2022-08,TUNJA,7038,7022,178658001.0,9000.0,54,15,54,16
2022-08,VADOREAL,21,19,1315000.0,70000.0,1,1,3,2
2022-08,VILLA DE LEYVA,225,225,2217500.0,10000.0,3,2,3,0
2022-08,VILLANUEVA,6710,6704,237142008.0,34000.0,17,5,58,6
2022-08,VILLAVICENCIO,10832,10813,611718000.0,50000.0,49,5,44,19
2022-08,YOMASA,1811,1807,67410000.0,30000.0,4,2,20,4
2022-08,YOPAL,30599,30489,1059773999.0,22000.0,80,17,125,110
2022-08,YOPALOSA,1,1,45000.0,45000.0,1,1,1,0
2022-09,AGUAZUL,3322,3308,157157000.0,50000.0,35,7,52,14
2022-09,ARAUCA,12169,12126,1019388500.0,85000.0,69,8,41,43
2022-09,ARAUQUITA,981,966,99287000.0,100000.0,9,2,31,15
2022-09,ARCABUCO,7,7,108000.0,16000.0,1,1,2,0
2022-09,BARBOSA ANGELES,2,2,40000.0,20000.0,1,1,1,0
2022-09,BOGOTA COFLONORTE P 27,6842,6793,614167000.0,100000.0,61,17,31,49
2022-09,BOGOTA TERMINAL NORTE,1268,1261,106277000.0,70000.0,50,22,24,7
2022-09,BOGOTA TERMINAL SALITRE P 30,8304,8257,697741000.0,100000.0,60,10,33,47
2022-09,BRICE?O,336,332,28082000.0,70000.0,21,10,20,4
2022-09,BUCARAMANGA TERMINAL,2622,2598,195141000.0,80000.0,46,7,28,24
2022-09,CRAVO NORTE,430,424,20075000.0,50000.0,3,1,2,6
2022-09,CUBARA,279,275,22789000.0,65000.0,4,1,9,4
2022-09,CUCUTA,853,853,71177000.0,80000.0,22,2,20,0
2022-09,CUMARAL,1593,1591,62890000.0,38000.0,14,7,24,2
2022-09,DUITAMA,1147,1145,36838000.0,12000.0,23,14,23,2
2022-09,EL VENADO,421,421,13794000.0,30000.0,10,6,26,0
2022-09,FORTUL,787,768,67743000.0,95000.0,9,1,32,19
2022-09,GARAGOA,1104,1098,27667000.0,25000.0,1,1,24,6
2022-09,HATO COROZAL,2432,2431,85445000.0,30000.0,4,1,42,1
2022-09,JENESANO,301,301,3916000.0,8000.0,1,1,13,0
2022-09,LA ESMERALDA,193,192,17235000.0,85000.0,2,1,10,1
2022-09,LOS PATIOS,56,56,5173000.0,97000.0,2,2,9,0
2022-09,MONTERREY,2088,2083,75231000.0,35000.0,15,4,40,5
2022-09,NUNCHIA,479,479,5082000.0,12000.0,1,1,6,0
2022-09,OIBA,5,4,400000.0,80000.0,1,1,2,1
2022-09,OROCUE,1016,998,38396000.0,40000.0,1,1,20,18
2022-09,PAIPA,458,455,8903000.0,8000.0,10,6,13,3
2022-09,PAMPLONA,127,123,8285000.0,60000.0,6,1,12,4
2022-09,PARATEBUENO,640,640,18871000.0,20000.0,8,2,23,0
2022-09,PATRIOTAS TUNJA,1214,1214,6194800.0,5500.0,4,4,11,0
2022-09,PAZ DE ARIPORO,10824,10815,222359000.0,20000.0,12,4,57,9
2022-09,PIEDECUESTA,258,253,14640000.0,60000.0,10,5,16,5
2022-09,PORE,4334,4334,76664000.0,16000.0,13,3,38,0
2022-09,PUEBLO NUEVO,203,197,18085000.0,100000.0,2,1,16,6
2022-09,RAMIRIQUI,630,630,4667000.0,8000.0,1,1,6,0
2022-09,SABANALARGA,156,155,4638000.0,36000.0,1,1,5,1
2022-09,SACAMA,192,192,11129000.0,60000.0,1,1,8,0
2022-09,SAN GIL,150,150,6577000.0,40000.0,4,1,12,0
2022-09,SAN LUIS DE GACENO,562,562,14688000.0,25000.0,5,1,20,0
2022-09,SAN LUIS DE PALENQUE,991,986,24724000.0,20000.0,1,1,18,5
2022-09,SANTA MARIA,585,584,14143000.0,20000.0,1,1,20,1
2022-09,SARAVENA,2863,2831,236552000.0,70000.0,26,4,37,32
2022-09,SOCORRO,50,50,3021000.0,70000.0,1,1,10,0
2022-09,SOGAMOSO,3590,3552,116152000.0,35000.0,32,7,41,38
2022-09,TAMARA,901,894,16916000.0,20000.0,1,1,11,7
2022-09,TAME,9027,8978,533142000.0,60000.0,35,8,76,49
2022-09,TIBANA,475,475,6611000.0,10000.0,1,1,13,0
2022-09,TRINIDAD,1971,1968,49540000.0,22000.0,1,1,25,3
2022-09,TUNJA,7097,7087,168098500.0,9000.0,41,14,57,10
2022-09,VADOREAL,11,11,530000.0,30000.0,1,1,3,0
2022-09,VILLA DE LEYVA,222,221,2204000.0,10000.0,3,3,3,1
2022-09,VILLANUEVA,6280,6277,219967000.0,30000.0,20,5,61,3
2022-09,VILLAVICENCIO,10364,10333,586380000.0,50000.0,58,7,37,31
2022-09,YOMASA,2033,2027,72251000.0,25000.0,4,2,24,6
2022-09,YOPAL,30033,29971,1035819516.0,22000.0,82,16,136,62
2022-10,AGUAZUL,3952,3921,196649000.0,50000.0,38,8,59,31
2022-10,ARAUCA,12700,12604,1134167000.0,90000.0,64,9,41,96
2022-10,ARAUQUITA,1005,970,105987600.0,100000.0,9,2,23,35
2022-10,BARBOSA ANGELES,2,2,140000.0,70000.0,1,1,1,0
2022-10,BOGOTA COFLONORTE P 27,6183,6139,636093200.0,110000.0,58,18,35,44
2022-10,BOGOTA TERMINAL NORTE,1918,1901,144679900.0,80000.0,50,20,28,17
2022-10,BOGOTA TERMINAL SALITRE P 30,7943,7849,770832200.0,110000.0,61,12,38,94
2022-10,BRICE?O,331,329,29599000.0,100000.0,22,11,15,2
2022-10,BUCARAMANGA TERMINAL,2854,2810,232325000.0,80000.0,45,8,34,44
2022-10,CRAVO NORTE,286,273,13520000.0,50000.0,3,1,2,13
2022-10,CUBARA,279,262,19766000.0,65000.0,6,2,9,17
2022-10,CUCUTA,941,924,80915000.0,82000.0,19,2,17,17
2022-10,CUMARAL,1991,1987,80723000.0,40000.0,16,6,29,4
2022-10,DUITAMA,2017,2001,67917000.0,9000.0,31,16,32,16
2022-10,EL VENADO,441,441,16165800.0,37000.0,9,5,22,0
2022-10,FORTUL,959,926,88167000.0,100000.0,6,1,28,33
2022-10,GARAGOA,1058,1049,27275000.0,25000.0,2,1,24,9
2022-10,HATO COROZAL,804,795,34346000.0,30000.0,4,1,36,9
2022-10,JENESANO,201,201,2986000.0,8000.0,1,1,13,0
2022-10,LA ESMERALDA,262,252,24130000.0,90000.0,4,1,14,10
2022-10,LOS PATIOS,56,54,5022000.0,97000.0,3,2,9,2
2022-10,MONTERREY,1887,1883,68882000.0,35000.0,16,3,37,4
2022-10,NUNCHIA,629,629,6421000.0,12000.0,1,1,7,0
2022-10,OIBA,10,10,700000.0,80000.0,1,1,4,0
2022-10,OROCUE,1012,1002,38349000.0,40000.0,5,1,17,10
2022-10,PAIPA,620,618,15926000.0,9000.0,11,7,16,2
2022-10,PAMPLONA,136,123,9281000.0,60000.0,5,1,10,13
2022-10,PARATEBUENO,586,586,17932000.0,25000.0,8,2,21,0
2022-10,PATRIOTAS TUNJA,1051,1051,5363000.0,5500.0,4,4,11,0
2022-10,PAZ DE ARIPORO,13220,13204,291399000.0,22000.0,15,5,56,16
2022-10,PIEDECUESTA,284,278,17702000.0,60000.0,9,5,14,6
2022-10,PORE,4379,4368,78563000.0,18000.0,11,3,39,11
2022-10,PUEBLO NUEVO,237,223,25634000.0,120000.0,3,1,11,14
2022-10,RAMIRIQUI,595,595,4444000.0,8000.0,1,1,6,0
2022-10,SABANALARGA,191,191,5835000.0,36000.0,1,1,5,0
2022-10,SACAMA,78,78,4501000.0,60000.0,2,2,8,0
2022-10,SAN GIL,207,207,9254000.0,40000.0,3,1,14,0
2022-10,SAN LUIS DE GACENO,602,602,16383000.0,25000.0,3,1,23,0
2022-10,SAN LUIS DE PALENQUE,1019,1014,25326000.0,22000.0,1,1,13,5
2022-10,SANTA MARIA,667,661,16450008.0,25000.0,1,1,18,6
2022-10,SARAVENA,2855,2750,260031000.0,100000.0,21,4,34,105
2022-10,SOCORRO,93,93,5637000.0,70000.0,2,1,6,0
2022-10,SOGAMOSO,5186,5154,175518000.0,40000.0,30,7,47,32
2022-10,TAMARA,991,978,19897000.0,22000.0,1,1,10,13
2022-10,TAME,6800,6697,441908000.0,70000.0,36,8,79,103
2022-10,TIBANA,418,418,5709000.0,10000.0,1,1,13,0
2022-10,TRINIDAD,2002,1997,54344000.0,22000.0,1,1,34,5
2022-10,TUNJA,8201,8184,218983500.0,10000.0,58,16,66,17
2022-10,VADOREAL,4,4,260000.0,65000.0,1,1,1,0
2022-10,VILLA DE LEYVA,244,243,2479000.0,10000.0,4,3,3,1
2022-10,VILLANUEVA,6617,6610,248588000.0,35000.0,17,5,61,7
2022-10,VILLAVICENCIO,11433,11379,663916000.0,50000.0,47,6,46,54
2022-10,YOMASA,1207,1206,47247000.0,30000.0,2,2,25,1
2022-10,YOPAL,33656,33522,1198935408.01,22000.0,72,17,133,134
2022-10,YOPALOSA,11,11,385000.0,35000.0,1,1,1,0
2022-11,AGUAZUL,2572,2562,127051000.0,50000.0,37,10,54,10
2022-11,ARAUCA,8176,8131,736851000.0,90000.0,57,8,44,45
2022-11,ARAUQUITA,725,713,77619000.0,100000.0,5,2,27,12
2022-11,BARBOSA ANGELES,5,5,350000.0,70000.0,2,2,1,0
2022-11,BOGOTA COFLONORTE P 27,4296,4265,452660000.0,120000.0,59,18,31,31
2022-11,BOGOTA TERMINAL NORTE,870,866,74868000.0,80000.0,44,22,29,4
2022-11,BOGOTA TERMINAL SALITRE P 30,5963,5928,572302000.0,110000.0,60,11,44,35
2022-11,BRICE?O,190,190,17325000.0,95000.0,22,13,15,0
2022-11,BUCARAMANGA TERMINAL,1605,1587,128618000.0,80000.0,33,8,28,18
2022-11,CRAVO NORTE,356,343,18320000.0,55000.0,1,1,2,13
2022-11,CUBARA,178,173,14237000.0,65000.0,9,2,10,5
2022-11,CUCUTA,533,530,45770000.0,80000.0,18,3,14,3
2022-11,CUMARAL,1274,1274,52706000.0,40000.0,13,5,28,0
2022-11,DUITAMA,803,795,26732000.0,9000.0,26,15,26,8
2022-11,EL VENADO,281,281,10678000.0,30000.0,9,7,20,0
2022-11,FORTUL,655,637,60437000.0,100000.0,6,1,30,18
2022-11,GARAGOA,730,728,18442000.0,25000.0,2,1,22,2
2022-11,HATO COROZAL,823,816,34469000.0,30000.0,3,1,41,7
2022-11,JENESANO,154,154,1950000.0,8000.0,1,1,13,0
2022-11,LA ESMERALDA,201,195,18420000.0,85000.0,3,1,14,6
2022-11,LOS PATIOS,48,48,4252000.0,86000.0,3,2,8,0
2022-11,MONIQUIRA,5,5,315000.0,70000.0,2,2,2,0
2022-11,MONTERREY,1174,1173,43772000.0,35000.0,14,3,36,1
2022-11,NUNCHIA,409,409,4629000.0,13000.0,1,1,8,0
2022-11,OIBA,4,4,310000.0,80000.0,1,1,2,0
2022-11,OROCUE,722,710,30193000.0,44000.0,2,1,15,12
2022-11,PAIPA,413,412,9593000.0,9000.0,12,7,14,1
2022-11,PAMPLONA,71,70,4952000.0,70000.0,2,1,10,1
2022-11,PARATEBUENO,380,379,10658000.0,20000.0,6,2,16,1
2022-11,PATRIOTAS TUNJA,880,880,4518000.0,5500.0,4,4,11,0
2022-11,PAZ DE ARIPORO,7616,7612,167715000.0,22000.0,14,6,53,4
2022-11,PIEDECUESTA,165,163,10375000.0,65000.0,10,6,13,2
2022-11,PIPIRAL,10,10,250000.0,25000.0,1,1,1,0
2022-11,PORE,2677,2677,48032000.0,18000.0,4,3,28,0
2022-11,PUEBLO NUEVO,184,182,19440000.0,110000.0,1,1,10,2
2022-11,RAMIRIQUI,437,437,3335000.0,8000.0,1,1,6,0
2022-11,SABANALARGA,119,119,3515000.0,36000.0,1,1,4,0
2022-11,SACAMA,48,48,2880000.0,60000.0,1,1,4,0
2022-11,SAN GIL,107,107,5141000.0,45000.0,4,1,13,0
2022-11,SAN LUIS DE GACENO,418,418,11256000.0,25000.0,3,1,19,0
2022-11,SAN LUIS DE PALENQUE,595,591,15267000.0,22000.0,1,1,10,4
2022-11,SANTA MARIA,442,442,10924000.0,25000.0,1,1,23,0
2022-11,SARAVENA,1869,1837,170490000.0,100000.0,16,4,33,32
2022-11,SOCORRO,79,77,4855000.0,70000.0,1,1,10,2
2022-11,SOGAMOSO,2675,2655,91171000.0,40000.0,22,7,42,20
2022-11,TAMARA,612,611,12778000.0,22000.0,1,1,8,1
2022-11,TAME,4943,4884,311429898.0,60000.0,29,8,97,59
2022-11,TIBANA,254,252,3265000.0,10000.0,1,1,7,2
2022-11,TRINIDAD,1308,1308,36970000.0,24000.0,2,1,26,0
2022-11,TUNJA,5099,5092,128449000.0,10000.0,43,15,58,7
2022-11,VADOREAL,3,3,252000.0,84000.0,1,1,1,0
2022-11,VILLA DE LEYVA,129,129,1278000.0,10000.0,3,3,2,0
2022-11,VILLANUEVA,3940,3939,147061000.0,35000.0,16,6,53,1
2022-11,VILLAVICENCIO,7144,7138,433832000.0,50000.0,40,6,36,6
2022-11,YOMASA,429,429,20394000.0,40000.0,2,1,20,0
2022-11,YOPAL,20460,20400,747632600.0,22000.0,63,18,129,60
2022-11,YOPALOSA,4,2,228000.0,67500.0,2,2,2,2
2022-12,AGUAZUL,4640,4614,244808000.0,50000.0,44,7,60,26
2022-12,ARAUCA,12943,12884,1200401800.0,95000.0,74,10,45,59
2022-12,ARAUQUITA,1404,1375,157792000.0,100000.0,10,2,33,29
2022-12,BARBOSA ANGELES,6,6,460000.0,80000.0,2,2,2,0
2022-12,BOGOTA COFLONORTE P 27,10960,10926,1508754800.0,140000.0,66,18,34,34
2022-12,BOGOTA TERMINAL NORTE,1392,1384,171693000.0,130000.0,60,30,26,8
2022-12,BOGOTA TERMINAL SALITRE P 30,13698,13649,1736090000.0,130000.0,70,13,39,49
2022-12,BRICE?O,326,319,38597000.0,130000.0,29,15,19,7
2022-12,BUCARAMANGA TERMINAL,3648,3620,348555000.0,100000.0,65,10,33,28
2022-12,CRAVO NORTE,534,530,27935000.0,55000.0,4,1,2,4
2022-12,CUBARA,439,423,39219000.0,75000.0,7,1,14,16
2022-12,CUCUTA,1414,1411,132173000.0,92000.0,25,3,18,3
2022-12,CUMARAL,1860,1858,95253000.0,40000.0,19,4,29,2
2022-12,DUITAMA,1333,1326,76173000.0,53000.0,33,16,27,7
2022-12,EL VENADO,391,390,16379000.0,40000.0,8,5,25,1
2022-12,FORTUL,1502,1463,138541800.0,100000.0,10,1,39,39
2022-12,GARAGOA,1197,1197,30881000.0,25000.0,5,1,26,0
2022-12,HATO COROZAL,2614,2588,103042008.0,30000.0,8,1,53,26
2022-12,JENESANO,210,210,2874000.0,8000.0,1,1,18,0
2022-12,LA ESMERALDA,391,377,37429000.0,90000.0,4,1,22,14
2022-12,LOS PATIOS,80,80,7708000.0,102000.0,2,2,10,0
2022-12,MONIQUIRA,5,5,335000.0,80000.0,1,1,2,0
2022-12,MONTERREY,1674,1670,70870000.0,35000.0,16,3,44,4
2022-12,NUNCHIA,597,597,7104000.0,13000.0,1,1,8,0
2022-12,OIBA,18,16,1432000.0,85000.0,1,1,4,2
2022-12,OROCUE,812,804,34098000.0,44000.0,2,1,15,8
2022-12,PAIPA,372,372,12303000.0,9000.0,11,7,18,0
2022-12,PAMPLONA,328,327,29428000.0,90000.0,13,2,12,1
2022-12,PARATEBUENO,734,734,27154000.0,25000.0,10,2,22,0
2022-12,PATRIOTAS TUNJA,1348,1348,6564000.0,5000.0,4,4,11,0
2022-12,PAZ DE ARIPORO,12537,12526,287909000.0,22000.0,13,5,64,11
2022-12,PIEDECUESTA,349,346,27788000.0,80000.0,9,3,18,3
2022-12,PIPIRAL,6,6,160000.0,25000.0,1,1,1,0
2022-12,PORE,4523,4523,88420000.0,18000.0,12,3,36,0
2022-12,PUEBLO NUEVO,461,453,47158000.0,110000.0,3,1,18,8
2022-12,RAMIRIQUI,676,676,5059500.0,8000.0,1,1,5,0
2022-12,SABANALARGA,232,232,6819000.0,36000.0,1,1,5,0
2022-12,SACAMA,162,162,9407000.0,60000.0,1,1,6,0
2022-12,SAN GIL,320,320,17088000.0,55000.0,3,1,12,0
2022-12,SAN LUIS DE GACENO,739,739,20211000.0,25000.0,5,1,24,0
2022-12,SAN LUIS DE PALENQUE,1078,1077,31361000.0,22000.0,1,1,18,1
2022-12,SANTA MARIA,710,709,18643000.0,28000.0,1,1,24,1
2022-12,SARAVENA,3409,3362,322408000.0,90000.0,28,4,36,47
2022-12,SOCORRO,125,125,7710000.0,70000.0,1,1,7,0
2022-12,SOGAMOSO,5248,5180,239434000.0,45000.0,32,7,44,68
2022-12,TAMARA,1252,1248,25938000.0,22000.0,1,1,10,4
2022-12,TAME,9023,8925,563908988.0,50000.0,37,8,103,98
2022-12,TIBANA,465,465,6163000.0,10000.0,1,1,12,0
2022-12,TRINIDAD,2413,2406,70342000.0,24000.0,1,1,31,7
2022-12,TUNJA,7576,7560,233882000.0,10000.0,63,16,59,16
2022-12,VADOREAL,9,9,624000.0,70000.0,1,1,4,0
2022-12,VILLA DE LEYVA,223,223,2226000.0,10000.0,2,2,2,0
2022-12,VILLANUEVA,7019,7012,292970000.0,35000.0,16,6,59,7
2022-12,VILLAVICENCIO,13656,13620,1078588000.0,60000.0,61,6,36,36
2022-12,YOMASA,742,735,34237000.0,33000.0,1,1,22,7
2022-12,YOPAL,40427,40267,1647802000.0,24000.0,88,18,144,160
2023-01,AGUAZUL,4417,4410,239389000.0,50000.0,42,7,57,7
2023-01,ARAUCA,23345,23235,2601285600.0,120000.0,77,9,47,110
2023-01,ARAUQUITA,1670,1643,186819000.0,110000.0,6,2,33,27
2023-01,BARBOSA ANGELES,19,19,1100000.0,42000.0,2,2,3,0
2023-01,BOGOTA COFLONORTE P 27,6815,6799,770846000.0,120000.0,60,18,33,16
2023-01,BOGOTA TERMINAL NORTE,1158,1156,124184000.0,120000.0,54,26,29,2
2023-01,BOGOTA TERMINAL SALITRE P 30,10543,10491,1040706000.0,110000.0,68,12,40,52
2023-01,BRICE?O,282,282,31010000.0,120000.0,26,14,14,0
2023-01,BUCARAMANGA TERMINAL,3505,3473,328174000.0,100000.0,56,9,27,32
2023-01,CRAVO NORTE,547,518,28445000.0,55000.0,3,1,3,29
2023-01,CUBARA,517,499,50293000.0,110000.0,8,1,15,18
2023-01,CUCUTA,1352,1337,131913000.0,107000.0,31,2,19,15
2023-01,CUMARAL,1750,1750,83337000.0,42000.0,13,4,30,0
2023-01,DUITAMA,1338,1321,72174000.0,50000.0,32,17,24,17
2023-01,EL VENADO,447,447,18277000.0,40000.0,8,5,24,0
2023-01,FORTUL,1477,1439,145785000.0,100000.0,8,1,36,38
2023-01,GARAGOA,1316,1316,36352000.0,27000.0,3,1,26,0
2023-01,HATO COROZAL,2662,2643,116600002.0,30000.0,12,1,47,19
2023-01,JENESANO,264,264,4197000.0,9000.0,1,1,18,0
2023-01,LA ESMERALDA,443,429,45733600.0,90000.0,2,1,18,14
2023-01,LA SALINA,3,3,210000.0,70000.0,1,1,1,0
2023-01,LOS PATIOS,65,65,6655000.0,107000.0,2,2,9,0
2023-01,MONIQUIRA,29,29,1240000.0,40000.0,1,1,2,0
2023-01,MONTERREY,1891,1879,78947000.0,35000.0,14,4,44,12
2023-01,NUNCHIA,629,629,7352000.0,13000.0,1,1,9,0
2023-01,OIBA,13,13,1095000.0,90000.0,1,1,2,0
2023-01,OROCUE,782,763,32840000.0,44000.0,3,1,17,19
2023-01,PAIPA,433,430,13894000.0,9000.0,12,7,17,3
2023-01,PAMPLONA,155,151,13817000.0,90000.0,5,1,10,4
2023-01,PARATEBUENO,564,564,21672000.0,30000.0,12,2,22,0
2023-01,PATRIOTAS TUNJA,854,853,4330500.0,5500.0,4,3,12,1
2023-01,PAZ DE ARIPORO,12941,12932,320101000.0,22000.0,16,4,62,9
2023-01,PIEDECUESTA,293,291,25288000.0,90000.0,4,3,14,2
2023-01,PORE,4171,4170,85391000.0,18000.0,9,2,39,1
2023-01,PUEBLO NUEVO,503,498,55728000.0,120000.0,6,1,15,5
2023-01,RAMIRIQUI,625,625,4944000.0,9000.0,1,1,7,0
2023-01,SABANALARGA,211,211,6595000.0,36000.0,1,1,5,0
2023-01,SACAMA,135,135,8201000.0,64000.0,1,1,5,0
2023-01,SAN GIL,333,331,22033000.0,60000.0,4,1,8,2
2023-01,SAN LUIS DE GACENO,733,733,20909000.0,25000.0,4,1,24,0
2023-01,SAN LUIS DE PALENQUE,1033,1031,29946000.0,22000.0,1,1,19,2
2023-01,SANTA MARIA,744,738,21325000.0,30000.0,1,1,24,6
2023-01,SARAVENA,4115,4061,408141000.0,100000.0,27,4,41,54
2023-01,SOCORRO,90,90,6515000.0,80000.0,2,1,9,0
2023-01,SOGAMOSO,4539,4518,187684000.0,45000.0,36,8,40,21
2023-01,TAMARA,1185,1185,24418000.0,22000.0,1,1,11,0
2023-01,TAME,8757,8665,605504000.0,60000.0,33,8,54,92
2023-01,TIBANA,418,415,6509000.0,11000.0,1,1,10,3
2023-01,TRINIDAD,2312,2305,71560000.0,24000.0,1,1,26,7
2023-01,TUNJA,6658,6645,203078300.0,11000.0,49,17,55,13
2023-01,VADOREAL,34,34,2588000.0,77000.0,2,1,3,0
2023-01,VILLA DE LEYVA,267,267,2732000.0,10000.0,3,2,2,0
2023-01,VILLANUEVA,7034,7028,276205000.0,35000.0,27,6,53,6
2023-01,VILLAVICENCIO,12520,12494,856701000.0,60000.0,54,6,38,26
2023-01,YOMASA,1101,1085,64428000.0,50000.0,2,1,24,16
2023-01,YOPAL,32863,32708,1296756600.0,24000.0,72,16,131,155
2023-01,YOPALOSA,1,1,40000.0,40000.0,1,1,1,0
2023-02,AGUAZUL,2770,2758,140299000.0,50000.0,27,7,53,12
2023-02,ARAUCA,14042,13999,1389167000.0,100000.0,53,8,40,43
2023-02,ARAUQUITA,1025,1003,98913000.0,100000.0,3,2,28,22
2023-02,BARBOSA ANGELES,4,4,260000.0,65000.0,2,2,2,0
2023-02,BOGOTA COFLONORTE P 27,4486,4475,491057000.0,120000.0,40,16,29,11
2023-02,BOGOTA TERMINAL NORTE,895,883,90207000.0,110000.0,41,22,26,12
2023-02,BOGOTA TERMINAL SALITRE P 30,7063,7036,671291000.0,110000.0,44,10,39,27
2023-02,BRICE?O,202,199,21675000.0,120000.0,17,12,14,3
2023-02,BUCARAMANGA TERMINAL,2152,2146,172513000.0,90000.0,34,6,25,6
2023-02,CRAVO NORTE,353,335,17590000.0,55000.0,1,1,2,18
2023-02,CUBARA,278,272,27219000.0,110000.0,4,1,11,6
2023-02,CUCUTA,671,669,58738000.0,87000.0,13,2,17,2
2023-02,CUMARAL,1574,1569,71563000.0,45000.0,12,4,26,5
2023-02,DUITAMA,751,750,34968000.0,47000.0,29,16,29,1
2023-02,EL VENADO,293,291,10940000.0,40000.0,9,6,25,2
2023-02,FORTUL,816,802,70178000.0,100000.0,4,1,25,14
2023-02,GARAGOA,1004,1002,28484000.0,28000.0,3,1,27,2
2023-02,HATO COROZAL,2052,2040,72737000.0,30000.0,5,1,48,12
2023-02,JENESANO,190,190,2684500.0,9000.0,1,1,15,0
2023-02,LA ESMERALDA,232,226,21670000.0,85000.0,2,1,14,6
2023-02,LA SALINA,4,4,280000.0,70000.0,1,1,1,0
2023-02,LOS PATIOS,47,47,4564000.0,107000.0,2,2,10,0
2023-02,MONTERREY,1452,1448,55497000.0,35000.0,10,4,39,4
2023-02,NUNCHIA,611,610,7434000.0,13000.0,1,1,8,1
2023-02,OIBA,12,12,773000.0,75000.0,1,1,5,0
2023-02,OROCUE,784,768,33017000.0,44000.0,2,1,11,16
2023-02,PAIPA,413,410,10064000.0,9000.0,11,7,22,3
2023-02,PAMPLONA,74,74,5616000.0,70000.0,4,1,11,0
2023-02,PARATEBUENO,448,448,14888000.0,25000.0,8,2,23,0
2023-02,PATRIOTAS TUNJA,1143,1143,6335400.0,6000.0,7,6,13,0
2023-02,PAZ DE ARIPORO,9257,9252,213759000.0,22000.0,9,5,53,5
2023-02,PIEDECUESTA,279,278,15859000.0,60000.0,4,2,14,1
2023-02,PORE,3433,3433,67392000.0,18000.0,11,2,36,0
2023-02,PUEBLO NUEVO,188,181,18591000.0,105000.0,2,1,13,7
2023-02,RAMIRIQUI,689,689,5662000.0,9000.0,1,1,7,0
2023-02,SABANALARGA,210,210,7154000.0,36000.0,1,1,5,0
2023-02,SACAMA,97,97,5778000.0,60000.0,1,1,3,0
2023-02,SAN GIL,332,332,13972000.0,40000.0,2,1,13,0
2023-02,SAN LUIS DE GACENO,562,560,16666000.0,27000.0,2,1,22,2
2023-02,SAN LUIS DE PALENQUE,812,812,21138000.0,22000.0,1,1,9,0
2023-02,SANTA MARIA,511,507,13797000.0,22000.0,1,1,21,4
2023-02,SARAVENA,2389,2352,211494000.0,80000.0,12,4,35,37
2023-02,SOCORRO,103,103,4779000.0,38000.0,1,1,9,0
2023-02,SOGAMOSO,2575,2559,96402000.0,40000.0,18,7,41,16
2023-02,TAMARA,797,796,16201000.0,22000.0,1,1,10,1
2023-02,TAME,5347,5295,338169009.0,50000.0,25,7,52,52
2023-02,TIBANA,383,381,5754500.0,11000.0,1,1,13,2
2023-02,TRINIDAD,1763,1760,47818000.0,24000.0,2,1,24,3
2023-02,TUNJA,5777,5767,146428300.0,10000.0,40,15,65,10
2023-02,VADOREAL,11,10,800000.0,80000.0,1,1,3,1
2023-02,VILLA DE LEYVA,161,161,1758000.0,11000.0,2,2,2,0
2023-02,VILLANUEVA,5242,5240,196762580.0,35000.0,16,6,55,2
2023-02,VILLAVICENCIO,8399,8390,532952000.0,55000.0,33,6,34,9
2023-02,YOMASA,753,750,34601000.0,35000.0,3,2,24,3
2023-02,YOPAL,26045,25974,936212000.0,22000.0,60,17,127,71
2023-03,AGUAZUL,3263,3256,165986500.0,50000.0,32,7,56,7
2023-03,ARAUCA,13467,13404,1288904000.0,100000.0,66,9,42,63
2023-03,ARAUQUITA,941,924,101520000.0,120000.0,5,2,26,17
2023-03,BARBOSA ANGELES,5,3,400000.0,80000.0,2,2,1,2
2023-03,BOGOTA COFLONORTE P 27,5072,5048,547313000.0,120000.0,54,19,31,24
2023-03,BOGOTA TERMINAL NORTE,1383,1381,132435000.0,100000.0,55,26,31,2
2023-03,BOGOTA TERMINAL SALITRE P 30,8077,8038,763972000.0,110000.0,52,12,44,39
2023-03,BRICE?O,273,273,27023000.0,110000.0,25,13,18,0
2023-03,BUCARAMANGA TERMINAL,2645,2633,213892000.0,90000.0,49,7,29,12
2023-03,CRAVO NORTE,492,485,24480000.0,55000.0,1,1,1,7
2023-03,CUBARA,336,326,31995000.0,110000.0,6,1,11,10
2023-03,CUCUTA,918,912,80686000.0,87000.0,28,4,19,6
2023-03,CUMARAL,1694,1692,78120000.0,45000.0,11,4,27,2
2023-03,DUITAMA,1040,1032,45057000.0,47000.0,32,17,25,8
2023-03,EL VENADO,435,434,17816000.0,35000.0,8,6,22,1
2023-03,FORTUL,805,779,73745000.0,100000.0,6,1,34,26
2023-03,GARAGOA,1093,1093,31090000.0,28000.0,3,1,26,0
2023-03,HATO COROZAL,2629,2625,89719000.0,30000.0,6,1,44,4
2023-03,JENESANO,284,284,4302500.0,10000.0,1,1,18,0
2023-03,LA ESMERALDA,256,253,23250000.0,80000.0,1,1,16,3
2023-03,LA SALINA,23,19,1610000.0,70000.0,1,1,1,4
2023-03,LOS PATIOS,31,31,2780000.0,97000.0,2,2,6,0
2023-03,MONTERREY,1740,1739,67782000.0,35000.0,10,3,33,1
2023-03,NUNCHIA,744,744,9056000.0,13000.0,1,1,9,0
2023-03,OIBA,25,25,1880000.0,80000.0,1,1,4,0
2023-03,OROCUE,759,741,31240000.0,44000.0,2,1,15,18
2023-03,PAIPA,583,576,14535000.0,9000.0,16,7,21,7
2023-03,PAMPLONA,153,153,12853000.0,90000.0,7,1,13,0
2023-03,PARATEBUENO,471,471,16333000.0,30000.0,8,2,18,0
2023-03,PATRIOTAS TUNJA,1571,1571,8907400.0,6000.0,5,5,12,0
2023-03,PAZ DE ARIPORO,10770,10763,244944000.0,22000.0,11,4,62,7
2023-03,PIEDECUESTA,322,321,19548000.0,70000.0,4,2,14,1
2023-03,PORE,3741,3741,73672000.0,18000.0,7,3,41,0
2023-03,PUEBLO NUEVO,240,235,23428000.0,105000.0,2,1,13,5
2023-03,RAMIRIQUI,861,861,7225500.0,9000.0,1,1,7,0
2023-03,SABANALARGA,243,241,7868000.0,36000.0,2,1,5,2
2023-03,SACAMA,165,165,9746000.0,58000.0,1,1,4,0
2023-03,SAN GIL,278,278,12542000.0,44000.0,5,1,10,0
2023-03,SAN LUIS DE GACENO,660,654,19051000.0,27000.0,2,1,24,6
2023-03,SAN LUIS DE PALENQUE,1025,1019,25442000.0,22000.0,1,1,13,6
2023-03,SANTA MARIA,652,652,18494000.0,27000.0,1,1,26,0
2023-03,SARAVENA,2559,2519,225610000.0,80000.0,15,4,36,40
2023-03,SOCORRO,120,120,6235000.0,50000.0,2,1,12,0
2023-03,SOGAMOSO,3205,3197,117465000.0,40000.0,26,8,44,8
2023-03,TAMARA,951,945,19665000.0,22000.0,1,1,9,6
2023-03,TAME,6116,6043,382302000.0,50000.0,26,8,51,73
2023-03,TIBANA,356,355,5008500.0,11000.0,1,1,9,1
2023-03,TRINIDAD,1816,1808,48720000.0,24000.0,2,1,25,8
2023-03,TUNJA,7247,7227,186394800.0,10000.0,53,16,66,20
2023-03,VADOREAL,17,17,1190000.0,80000.0,1,1,4,0
2023-03,VILLA DE LEYVA,195,195,2133000.0,11000.0,3,2,2,0
2023-03,VILLANUEVA,6193,6193,239383000.0,35000.0,15,6,51,0
2023-03,VILLAVICENCIO,10368,10341,645632000.0,55000.0,41,5,35,27
2023-03,YOMASA,990,987,47187000.0,35000.0,2,2,24,3
2023-03,YOPAL,31369,31257,1123869000.0,22000.0,57,19,137,112
2023-04,AGUAZUL,4070,4061,211535000.0,50000.0,40,8,67,9
2023-04,ARAUCA,13057,13031,1256587000.0,100000.0,67,9,42,26
2023-04,ARAUQUITA,1002,973,106328000.0,100000.0,4,2,34,29
2023-04,BOGOTA COFLONORTE P 27,5270,5243,554513000.0,120000.0,48,17,31,27
2023-04,BOGOTA TERMINAL NORTE,1817,1811,148313000.0,80000.0,54,25,33,6
2023-04,BOGOTA TERMINAL SALITRE P 30,8160,8118,763981000.0,100000.0,57,12,45,42
2023-04,BRICE?O,309,309,27353000.0,85000.0,21,16,21,0
2023-04,BUCARAMANGA TERMINAL,2772,2751,234782000.0,90000.0,52,7,25,21
2023-04,CRAVO NORTE,492,488,24645000.0,55000.0,1,1,1,4
2023-04,CUBARA,316,309,29411000.0,110000.0,6,1,11,7
2023-04,CUCUTA,943,940,85189000.0,87000.0,25,4,17,3
2023-04,CUMARAL,1546,1545,75968000.0,45000.0,14,4,25,1
2023-04,DUITAMA,1171,1160,58267000.0,47000.0,30,15,28,11
2023-04,EL VENADO,480,476,21338000.0,40000.0,9,7,33,4
2023-04,FORTUL,1212,1194,112557000.0,100000.0,5,1,34,18
2023-04,GARAGOA,1174,1173,34432000.0,28000.0,4,1,26,1
2023-04,HATO COROZAL,2468,2458,93639000.0,30000.0,6,1,55,10
2023-04,JENESANO,199,199,3685000.0,11000.0,2,1,19,0
2023-04,LA ESMERALDA,277,266,24765000.0,80000.0,1,1,18,11
2023-04,LA SALINA,20,19,1400000.0,70000.0,1,1,1,1
2023-04,LOS PATIOS,41,41,3196000.0,77000.0,4,1,8,0
2023-04,MONIQUIRA,2,2,160000.0,80000.0,1,1,1,0
2023-04,MONTERREY,1782,1780,70638000.0,35000.0,5,3,29,2
2023-04,NUNCHIA,662,662,8011000.0,13000.0,1,1,9,0
2023-04,OIBA,11,10,940000.0,90000.0,1,1,2,1
2023-04,OROCUE,891,869,37716000.0,44000.0,1,1,14,22
2023-04,PAIPA,471,468,12892000.0,9000.0,10,7,20,3
2023-04,PAMPLONA,172,172,15399000.0,100000.0,2,1,12,0
2023-04,PARATEBUENO,632,628,24345000.0,40000.0,6,2,19,4
2023-04,PATRIOTAS TUNJA,1120,1120,6184600.0,6000.0,5,4,13,0
2023-04,PAZ DE ARIPORO,10675,10662,252477000.0,22000.0,14,5,60,13
2023-04,PIEDECUESTA,403,400,25832000.0,70000.0,4,4,13,3
2023-04,PORE,3724,3723,74766000.0,18000.0,6,3,42,1
2023-04,PUEBLO NUEVO,359,344,35805000.0,105000.0,1,1,16,15
2023-04,RAMIRIQUI,773,773,6467500.0,9000.0,1,1,6,0
2023-04,SABANALARGA,216,216,6782000.0,36000.0,1,1,5,0
2023-04,SACAMA,188,185,11311000.0,58000.0,1,1,3,3
2023-04,SAN GIL,336,336,16712000.0,50000.0,2,1,12,0
2023-04,SAN LUIS DE GACENO,674,672,20257000.0,29000.0,3,2,24,2
2023-04,SAN LUIS DE PALENQUE,1045,1043,28913000.0,22000.0,1,1,13,2
2023-04,SANTA MARIA,616,614,18112000.0,30000.0,1,1,24,2
2023-04,SARAVENA,3022,2984,273420000.0,90000.0,20,4,37,38
2023-04,SOCORRO,81,81,4484000.0,50000.0,1,1,12,0
2023-04,SOGAMOSO,4072,4040,162288000.0,40000.0,36,8,45,32
2023-04,TAMARA,1029,1026,21231000.0,22000.0,1,1,11,3
2023-04,TAME,6340,6261,408197500.0,50000.0,28,6,49,79
2023-04,TIBANA,263,263,3774000.0,11000.0,1,1,11,0
2023-04,TRINIDAD,2147,2141,59751000.0,24000.0,3,1,27,6
2023-04,TUNJA,7247,7230,201459000.0,11000.0,57,17,62,17
2023-04,VADOREAL,57,56,2996000.0,65000.0,1,1,4,1
2023-04,VILLA DE LEYVA,181,181,1970000.0,11000.0,3,2,2,0
2023-04,VILLANUEVA,6499,6496,261502000.0,38000.0,13,6,50,3
2023-04,VILLAVICENCIO,10697,10689,676081000.0,55000.0,41,7,37,8
2023-04,YOMASA,1084,1077,57204000.0,50000.0,3,2,22,7
2023-04,YOPAL,33663,33576,1250301000.0,24000.0,72,19,135,87
2023-05,AGUAZUL,3782,3778,188168000.0,50000.0,36,7,61,4
2023-05,ARAUCA,11154,11112,1075926800.0,105000.0,51,9,44,42
2023-05,ARAUQUITA,898,871,95121000.0,100000.0,7,2,27,27
2023-05,BARBOSA ANGELES,1,1,18000.0,18000.0,1,1,1,0
2023-05,BOGOTA COFLONORTE P 27,5221,5199,533045000.0,120000.0,49,16,30,22
2023-05,BOGOTA TERMINAL NORTE,1320,1314,130146000.0,100000.0,52,27,31,6
2023-05,BOGOTA TERMINAL SALITRE P 30,7583,7522,693145000.0,100000.0,48,10,35,61
2023-05,BRICE?O,383,344,38976000.0,100000.0,27,13,19,39
2023-05,BUCARAMANGA TERMINAL,2671,2659,215943000.0,80000.0,36,5,27,12
2023-05,CRAVO NORTE,489,482,24300000.0,55000.0,2,1,1,7
2023-05,CUBARA,258,254,23225000.0,100000.0,4,1,12,4
2023-05,CUCUTA,708,706,60621000.0,80000.0,22,2,16,2
2023-05,CUMARAL,1782,1780,82611000.0,45000.0,15,4,29,2
2023-05,DUITAMA,1181,1181,52719000.0,47000.0,22,15,26,0
2023-05,EL VENADO,517,515,21503000.0,36000.0,8,6,27,2
2023-05,FORTUL,834,823,73178000.0,90000.0,8,1,29,11
2023-05,GARAGOA,1118,1114,31779000.0,28000.0,2,1,25,4
2023-05,HATO COROZAL,2978,2968,116039000.0,30000.0,5,1,46,10
2023-05,JENESANO,182,182,2824000.0,10000.0,2,1,15,0
2023-05,LA ESMERALDA,207,205,18593000.0,85000.0,3,1,12,2
2023-05,LA SALINA,33,30,2266000.0,70000.0,1,1,2,3
2023-05,LOS PATIOS,39,39,3241000.0,77000.0,2,2,10,0
2023-05,MONIQUIRA,15,15,610000.0,40000.0,1,1,2,0
2023-05,MONTERREY,2035,2033,76784000.0,35000.0,7,3,31,2
2023-05,NUNCHIA,736,736,8940000.0,13000.0,1,1,8,0
2023-05,OIBA,22,22,1570000.0,85000.0,1,1,6,0
2023-05,OROCUE,867,842,35681000.0,44000.0,3,1,18,25
2023-05,PAIPA,576,575,15840000.0,9000.0,7,5,21,1
2023-05,PAMPLONA,197,192,16429000.0,80000.0,2,1,10,5
2023-05,PARATEBUENO,743,743,24841000.0,25000.0,7,2,21,0
2023-05,PATRIOTAS TUNJA,1487,1487,8308000.0,6000.0,5,5,13,0
2023-05,PAZ DE ARIPORO,10573,10565,240442000.0,22000.0,8,5,59,8
2023-05,PIEDECUESTA,316,316,17838000.0,57500.0,4,2,13,0
2023-05,PORE,3995,3995,78814000.0,18000.0,4,3,37,0
2023-05,PUEBLO NUEVO,276,266,27407000.0,105000.0,1,1,14,10
2023-05,RAMIRIQUI,795,795,6598000.0,9000.0,1,1,6,0
2023-05,SABANALARGA,289,289,9708000.0,36000.0,1,1,5,0
2023-05,SACAMA,173,172,10495000.0,58000.0,1,1,5,1
2023-05,SAN GIL,333,333,15256000.0,50000.0,3,1,12,0
2023-05,SAN LUIS DE GACENO,744,743,22228000.0,28000.0,1,1,31,1
2023-05,SAN LUIS DE PALENQUE,1066,1061,26981000.0,22000.0,1,1,14,5
2023-05,SANTA MARIA,717,716,19770000.0,25000.0,1,1,22,1
2023-05,SARAVENA,2560,2537,227303000.0,90000.0,17,4,30,23
2023-05,SOCORRO,102,102,5574000.0,50000.0,2,1,10,0
2023-05,SOGAMOSO,3296,3278,124987000.0,40000.0,33,8,43,18
2023-05,TAMARA,1029,1025,21216000.0,22000.0,1,1,10,4
2023-05,TAME,5797,5761,345190007.0,50000.0,21,6,50,36
2023-05,TIBANA,351,351,5022000.0,11000.0,1,1,12,0
2023-05,TRINIDAD,2077,2073,55399000.0,24000.0,1,1,26,4
2023-05,TUNJA,7365,7354,184634600.0,10000.0,47,16,68,11
2023-05,VADOREAL,30,30,1770000.0,63000.0,1,1,5,0
2023-05,VILLA DE LEYVA,222,222,2436000.0,11000.0,3,3,2,0
2023-05,VILLANUEVA,6604,6598,251846000.0,35000.0,17,6,52,6
2023-05,VILLAVICENCIO,10249,10243,634326000.0,55000.0,31,6,35,6
2023-05,YOMASA,911,905,44605000.0,40000.0,2,2,24,6
2023-05,YOPAL,32388,32294,1165266000.0,22000.0,61,18,136,94
2023-06,AGUAZUL,3888,3875,196301000.0,50000.0,39,7,66,13
2023-06,ARAUCA,10291,10147,990865401.0,105000.0,49,9,41,144
2023-06,ARAUQUITA,1002,987,109555000.0,120000.0,6,2,30,15
2023-06,BARBOSA ANGELES,4,3,258000.0,80000.0,3,3,2,1
2023-06,BOGOTA COFLONORTE P 27,5574,5513,562069000.0,110000.0,52,17,35,61
2023-06,BOGOTA TERMINAL NORTE,1557,1550,142021000.0,80000.0,53,25,30,7
2023-06,BOGOTA TERMINAL SALITRE P 30,6801,6722,629927000.0,100000.0,50,12,40,79
2023-06,BRICE?O,315,309,30564000.0,100000.0,24,14,16,6
2023-06,BUCARAMANGA TERMINAL,2982,2956,249714002.0,90000.0,53,5,27,26
2023-06,CRAVO NORTE,442,410,21640000.0,55000.0,2,1,1,32
2023-06,CUBARA,344,323,30893000.0,100000.0,2,1,13,21
2023-06,CUCUTA,897,872,81979000.0,87000.0,26,2,20,25
2023-06,CUMARAL,1717,1715,83241000.0,45000.0,11,5,24,2
2023-06,DUITAMA,1151,1133,53898000.0,47000.0,31,15,34,18
2023-06,EL VENADO,547,545,24530000.0,40000.0,8,6,33,2
2023-06,FORTUL,901,873,81765000.0,90000.0,4,1,34,28
2023-06,GARAGOA,1123,1122,31651000.0,28000.0,2,1,26,1
2023-06,HATO COROZAL,2737,2725,106430000.0,30000.0,4,1,46,12
2023-06,JENESANO,170,170,3030000.0,11000.0,2,1,17,0
2023-06,LA ESMERALDA,342,334,30863000.0,85000.0,2,1,18,8
2023-06,LA SALINA,26,26,1820000.0,70000.0,1,1,1,0
2023-06,LOS PATIOS,55,54,5102000.0,87000.0,2,2,9,1
2023-06,MONIQUIRA,14,14,319000.0,19000.0,4,3,5,0
2023-06,MONTERREY,1892,1888,74861800.0,35000.0,5,3,34,4
2023-06,NUNCHIA,559,559,6712000.0,13000.0,1,1,7,0
2023-06,OIBA,37,37,2664000.0,85000.0,1,1,5,0
2023-06,OROCUE,917,899,38314000.01,44000.0,2,1,16,18
2023-06,PAIPA,482,476,12328000.0,9000.0,10,7,21,6
2023-06,PAMPLONA,243,241,20812000.0,90000.0,9,1,13,2
2023-06,PARATEBUENO,708,708,24982000.0,25000.0,3,2,22,0
2023-06,PATRIOTAS TUNJA,1170,1170,6526000.0,6000.0,5,5,13,0
2023-06,PAZ DE ARIPORO,10083,10074,239977000.0,22000.0,12,5,58,9
2023-06,PIEDECUESTA,413,413,25254000.0,70000.0,5,3,15,0
2023-06,PORE,3791,3791,75700000.01,18000.0,5,4,39,0
2023-06,PUEBLO NUEVO,332,319,33141000.0,110000.0,1,1,17,13
2023-06,RAMIRIQUI,854,854,7138000.0,9000.0,1,1,7,0
2023-06,SABANALARGA,267,267,8802000.0,36000.0,1,1,4,0
2023-06,SACAMA,174,173,10580000.0,60000.0,1,1,5,1
2023-06,SAN GIL,337,337,16564000.0,50000.0,1,1,12,0
2023-06,SAN LUIS DE GACENO,726,726,21780000.0,27500.0,3,1,25,0
2023-06,SAN LUIS DE PALENQUE,1019,1019,25324000.0,22000.0,1,1,12,0
2023-06,SANTA MARIA,659,651,18398000.0,24000.0,1,1,24,8
2023-06,SARAVENA,2530,2503,226590000.0,80000.0,18,4,35,27
2023-06,SOCORRO,164,164,9327000.0,60000.0,1,1,11,0
2023-06,SOGAMOSO,3224,3199,120049000.0,40000.0,24,8,45,25
2023-06,TAMARA,954,951,19775000.0,22000.0,1,1,10,3
2023-06,TAME,6043,6004,392745798.0,70000.0,27,7,51,39
2023-06,TIBANA,265,265,3662500.0,11000.0,1,1,11,0
2023-06,TRINIDAD,1974,1972,56677000.0,24000.0,1,1,25,2
2023-06,TUNJA,7279,7253,201573500.0,10000.0,56,17,63,26
2023-06,VADOREAL,54,54,2569000.0,35000.0,3,1,12,0
2023-06,VILLA DE LEYVA,225,225,2462000.0,11000.0,3,3,2,0
2023-06,VILLANUEVA,6731,6726,269722000.0,35000.0,15,6,52,5
2023-06,VILLAVICENCIO,10445,10401,657642002.0,60000.0,36,6,38,44
2023-06,YOMASA,924,892,51287000.0,50000.0,3,2,23,32
2023-06,YOPAL,32105,31970,1195749008.0,24000.0,68,17,136,135
2023-07,AGUAZUL,4294,4288,219727000.0,50000.0,34,6,66,6
2023-07,ARAUCA,15413,15339,1474133100.0,100000.0,69,8,41,74
2023-07,ARAUQUITA,1075,1053,117823000.0,120000.0,4,2,27,22
2023-07,BARBOSA ANGELES,6,6,261000.0,37500.0,3,3,4,0
2023-07,BOGOTA COFLONORTE P 27,6792,6752,720545000.0,120000.0,53,16,40,40
2023-07,BOGOTA TERMINAL NORTE,1685,1676,157520000.0,100000.0,55,25,38,9
2023-07,BOGOTA TERMINAL SALITRE P 30,8285,8221,805956000.0,110000.0,50,11,39,64
2023-07,BRICE?O,389,385,39291000.0,100000.0,23,13,22,4
2023-07,BUCARAMANGA TERMINAL,3210,3175,274319002.0,90000.0,42,5,26,35
2023-07,CRAVO NORTE,539,526,27160000.0,55000.0,2,1,3,13
2023-07,CUBARA,336,317,31553000.0,110000.0,4,1,16,19
2023-07,CUCUTA,938,926,86055000.0,87000.0,25,3,16,12
2023-07,CUMARAL,1936,1936,99308000.0,45000.0,9,4,25,0
2023-07,DUITAMA,1194,1172,58214000.0,47000.0,33,16,28,22
2023-07,EL VENADO,476,475,19601000.0,40000.0,8,6,32,1
2023-07,FORTUL,1114,1091,100871000.0,100000.0,8,1,30,23
2023-07,GARAGOA,870,864,24966000.0,28000.0,2,1,25,6
2023-07,HATO COROZAL,2793,2789,104078000.0,30000.0,2,1,42,4
2023-07,JENESANO,72,72,1054000.0,9500.0,1,1,9,0
2023-07,LA ESMERALDA,264,258,24260000.0,85000.0,2,1,13,6
2023-07,LA SALINA,23,23,1610000.0,70000.0,1,1,1,0
2023-07,LOS PATIOS,46,46,4260000.0,87000.0,2,2,12,0
2023-07,MONIQUIRA,14,14,559000.0,29000.0,2,2,7,0
2023-07,MONTERREY,2298,2293,86075000.0,35000.0,6,3,34,5
2023-07,NUNCHIA,599,599,7026000.01,13000.0,1,1,6,0
2023-07,OIBA,26,26,1460000.0,43500.0,1,1,6,0
2023-07,OROCUE,995,959,41191000.0,44000.0,4,1,19,36
2023-07,PAIPA,529,528,12938000.0,9000.0,11,7,17,1
2023-07,PAMPLONA,172,171,16022000.0,100000.0,5,1,13,1
2023-07,PARATEBUENO,787,787,29292000.0,30000.0,5,2,26,0
2023-07,PATRIOTAS TUNJA,1112,1112,6079600.0,6000.0,5,5,13,0
2023-07,PAZ DE ARIPORO,11712,11699,272105000.0,22000.0,12,5,58,13
2023-07,PIEDECUESTA,425,424,27107000.0,70000.0,3,3,15,1
2023-07,PORE,4199,4189,84997000.03,18000.0,7,3,37,10
2023-07,PUEBLO NUEVO,381,368,36191000.0,105000.0,1,1,17,13
2023-07,RAMIRIQUI,852,852,7139500.01,9000.0,1,1,6,0
2023-07,SABANALARGA,282,282,8819000.0,36000.0,1,1,5,0
2023-07,SACAMA,175,170,10556000.0,58000.0,1,1,5,5
2023-07,SAN GIL,518,518,23775000.0,50000.0,3,1,11,0
2023-07,SAN LUIS DE GACENO,506,503,15388000.0,27000.0,2,1,26,3
2023-07,SAN LUIS DE PALENQUE,1067,1066,27488000.0,22000.0,1,1,13,1
2023-07,SANTA MARIA,487,485,14053000.0,25000.0,1,1,21,2
2023-07,SARAVENA,3341,3309,306876950.0,100000.0,18,4,32,32
2023-07,SOCORRO,111,111,6113000.0,50000.0,1,1,9,0
2023-07,SOGAMOSO,3463,3413,139875000.0,40000.0,32,8,43,50
2023-07,TAMARA,1138,1133,23638000.0,22000.0,1,1,11,5
2023-07,TAME,6896,6831,424661000.0,50000.0,21,7,51,65
2023-07,TIBANA,140,140,1701000.0,11000.0,1,1,5,0
2023-07,TRINIDAD,2127,2123,57701000.0,24000.0,1,1,26,4
2023-07,TUNJA,6876,6855,193819000.0,10000.0,46,17,66,21
2023-07,VADOREAL,61,57,3393000.0,70000.0,2,1,11,4
2023-07,VILLA DE LEYVA,276,276,3031000.0,11000.0,3,2,2,0
2023-07,VILLANUEVA,7605,7593,295528500.0,34000.0,15,6,55,12
2023-07,VILLAVICENCIO,12617,12598,831296000.0,60000.0,44,6,43,19
2023-07,YOMASA,690,685,35863000.0,45000.0,2,2,20,5
2023-07,YOPAL,35224,35109,1294624000.0,24000.0,68,18,131,115
2023-08,AGUAZUL,3105,3100,159207200.0,50000.0,34,8,63,5
2023-08,ARAUCA,16273,16214,1574973500.0,100000.0,67,8,38,59
2023-08,ARAUQUITA,1076,1058,115486000.0,120000.0,4,2,24,18
2023-08,BARBOSA ANGELES,12,12,725000.0,70000.0,5,4,4,0
2023-08,BOGOTA COFLONORTE P 27,5517,5501,597115000.0,120000.0,46,15,29,16
2023-08,BOGOTA TERMINAL NORTE,1438,1429,129616000.0,80000.0,52,26,38,9
2023-08,BOGOTA TERMINAL SALITRE P 30,7294,7235,711288000.0,110000.0,55,10,41,59
2023-08,BRICE?O,306,305,30003000.0,100000.0,25,14,21,1
2023-08,BUCARAMANGA TERMINAL,2280,2268,185739400.0,90000.0,32,5,29,12
2023-08,CRAVO NORTE,312,300,17595000.0,60000.0,1,1,2,12
2023-08,CUBARA,257,251,23142000.0,105000.0,2,1,12,6
2023-08,CUCUTA,886,879,80866000.0,87000.0,21,2,18,7
2023-08,CUMARAL,1919,1910,96536008.0,45000.0,11,4,26,9
2023-08,DUITAMA,935,930,43011000.0,47000.0,24,17,22,5
2023-08,EL VENADO,470,470,19103000.0,40000.0,8,6,34,0
2023-08,FORTUL,1097,1076,100628000.0,100000.0,5,1,31,21
2023-08,GARAGOA,939,939,26805000.0,28000.0,2,1,26,0
2023-08,HATO COROZAL,2495,2490,87607000.0,30000.0,1,1,42,5
2023-08,JENESANO,131,131,2548000.0,9000.0,1,1,14,0
2023-08,LA ESMERALDA,230,228,21374000.0,85000.0,2,1,14,2
2023-08,LA SALINA,36,32,2534000.0,70000.0,1,1,1,4
2023-08,LOS PATIOS,34,34,2989000.0,80000.0,3,2,7,0
2023-08,MONIQUIRA,6,6,295000.0,47500.0,4,4,3,0
2023-08,MONTERREY,2327,2316,86915000.0,35000.0,13,4,41,11
2023-08,NUNCHIA,606,606,7121000.0,13000.0,1,1,8,0
2023-08,OIBA,14,14,895000.0,80000.0,1,1,4,0
2023-08,OROCUE,945,925,39070000.0,44000.0,4,1,17,20
2023-08,PAIPA,472,467,12199000.0,9000.0,12,7,21,5
2023-08,PAMPLONA,113,113,10174000.0,100000.0,2,1,11,0
2023-08,PARATEBUENO,507,505,18018000.0,25000.0,6,2,20,2
2023-08,PATRIOTAS TUNJA,1242,1242,7054300.0,6000.0,5,4,12,0
2023-08,PAZ DE ARIPORO,11210,11199,248906000.0,22000.0,7,4,60,11
2023-08,PIEDECUESTA,377,377,23089000.0,70000.0,4,3,15,0
2023-08,PIPIRAL,2,2,74000.0,37000.0,1,1,1,0
2023-08,PORE,3964,3962,74984000.01,18000.0,4,2,35,2
2023-08,PUEBLO NUEVO,276,276,27327000.0,105000.0,1,1,18,0
2023-08,PUERTO RONDON,141,132,3948000.0,22000.0,1,1,7,9
2023-08,RAMIRIQUI,852,852,7181500.0,9000.0,1,1,6,0
2023-08,SABANALARGA,281,281,9559000.0,36000.0,1,1,5,0
2023-08,SACAMA,198,193,11850000.0,58000.0,1,1,5,5
2023-08,SAN GIL,323,323,14674000.0,48000.0,4,1,12,0
2023-08,SAN LUIS DE GACENO,520,519,15249000.0,27000.0,1,1,25,1
2023-08,SAN LUIS DE PALENQUE,1050,1048,25333000.0,22000.0,1,1,12,2
2023-08,SANTA MARIA,503,501,13826000.0,22000.0,1,1,17,2
2023-08,SARAVENA,3314,3279,296736000.0,80000.0,19,4,33,35
2023-08,SOCORRO,75,75,4338000.0,50000.0,1,1,10,0
2023-08,SOGAMOSO,3689,3645,151623000.0,45000.0,23,8,42,44
2023-08,TAMARA,993,980,20204000.0,22000.0,1,1,13,13
2023-08,TAME,6481,6420,407385009.0,50000.0,22,8,51,61
2023-08,TIBANA,279,279,3996500.0,11000.0,1,1,9,0
2023-08,TRINIDAD,1934,1934,51805000.0,24000.0,1,1,25,0
2023-08,TUNJA,7253,7247,195067700.0,11000.0,51,15,66,6
2023-08,VADOREAL,33,33,1688000.0,60000.0,2,1,11,0
2023-08,VILLA DE LEYVA,223,223,2449000.0,11000.0,3,2,1,0
2023-08,VILLANUEVA,7155,7139,273441000.0,34000.0,16,5,54,16
2023-08,VILLAVICENCIO,10197,10170,696122000.0,60000.0,43,5,42,27
2023-08,YOMASA,351,350,16590000.0,30000.0,2,2,20,1
2023-08,YOPAL,33306,33164,1204658000.0,24000.0,74,17,135,142
2023-09,AGUAZUL,3112,3107,157473000.0,50000.0,24,8,60,5
2023-09,ARAUCA,12570,12552,1201152000.0,100000.0,60,8,39,18
2023-09,ARAUQUITA,916,892,97711000.0,120000.0,4,2,26,24
2023-09,BOGOTA COFLONORTE P 27,5479,5450,598371000.0,120000.0,46,16,32,29
2023-09,BOGOTA TERMINAL NORTE,1371,1363,133824000.0,95000.0,47,27,27,8
2023-09,BOGOTA TERMINAL SALITRE P 30,7282,7198,721119000.0,110000.0,49,10,34,84
2023-09,BRICE?O,270,270,28817000.0,110000.0,24,15,15,0
2023-09,BUCARAMANGA TERMINAL,1913,1906,156845000.0,90000.0,29,5,26,7
2023-09,CRAVO NORTE,464,458,26895000.0,60000.0,1,1,1,6
2023-09,CUBARA,247,239,20280000.0,70000.0,2,1,8,8
2023-09,CUCUTA,835,833,73926000.0,87000.0,20,2,20,2
2023-09,CUMARAL,1685,1676,78894000.0,45000.0,9,4,24,9
2023-09,DUITAMA,833,830,38455000.0,55000.0,22,17,17,3
2023-09,EL VENADO,470,469,20782000.0,40000.0,8,7,30,1
2023-09,FORTUL,830,812,74512000.0,95000.0,3,1,28,18
2023-09,GARAGOA,973,973,27103000.0,28000.0,1,1,26,0
2023-09,HATO COROZAL,2632,2625,87106000.0,30000.0,5,1,47,7
2023-09,JENESANO,305,305,4387500.0,9000.0,1,1,20,0
2023-09,LA ESMERALDA,257,252,23925000.0,85000.0,3,1,17,5
2023-09,LA SALINA,37,37,2590000.0,70000.0,1,1,1,0
2023-09,LOS PATIOS,37,37,3138000.0,77000.0,2,2,9,0
2023-09,MONIQUIRA,2,1,150000.0,75000.0,1,1,1,1
2023-09,MONTERREY,2386,2382,92304500.0,35000.0,11,4,46,4
2023-09,NUNCHIA,621,617,7201800.0,13000.0,1,1,8,4
2023-09,OIBA,5,5,455000.0,90000.0,1,1,2,0
2023-09,OROCUE,934,911,38316000.0,44000.0,2,1,17,23
2023-09,PAIPA,374,370,9453000.0,9000.0,12,9,16,4
2023-09,PAMPLONA,108,106,8733000.0,80000.0,3,1,11,2
2023-09,PARATEBUENO,436,436,13445000.0,25000.0,4,2,20,0
2023-09,PATRIOTAS TUNJA,1370,1370,7771400.0,6000.0,5,4,13,0
2023-09,PAZ DE ARIPORO,11227,11214,251114000.0,22000.0,12,4,54,13
2023-09,PIEDECUESTA,245,244,14553000.0,55000.0,3,3,13,1
2023-09,PORE,4142,4137,80750000.0,18000.0,8,2,37,5
2023-09,PUEBLO NUEVO,284,280,27089000.0,105000.0,2,1,15,4
2023-09,PUERTO RONDON,212,203,6258000.0,22000.0,2,1,5,9
2023-09,RAMIRIQUI,753,753,6174000.0,9000.0,1,1,7,0
2023-09,SABANALARGA,307,306,10263000.0,36000.0,1,1,5,1
2023-09,SACAMA,182,180,11029000.0,60000.0,1,1,4,2
2023-09,SAN GIL,224,224,9905000.0,40000.0,2,1,13,0
2023-09,SAN LUIS DE GACENO,450,447,12510000.0,27000.0,2,1,21,3
2023-09,SAN LUIS DE PALENQUE,1137,1135,27000000.0,22000.0,1,1,12,2
2023-09,SANTA MARIA,508,497,14153000.0,26500.0,1,1,17,11
2023-09,SARAVENA,2840,2814,254434000.0,80000.0,17,3,30,26
2023-09,SOCORRO,61,59,3408000.0,60000.0,1,1,10,2
2023-09,SOGAMOSO,3744,3711,142135000.0,45000.0,19,7,39,33
2023-09,TAMARA,933,927,19097000.0,22000.0,1,1,10,6
2023-09,TAME,5487,5443,344042080.0,50000.0,19,7,49,44
2023-09,TIBANA,308,308,4571000.0,11000.0,1,1,9,0
2023-09,TRINIDAD,1905,1905,47677000.0,24000.0,1,1,25,0
2023-09,TUNJA,7634,7624,196362400.0,10000.0,38,15,59,10
2023-09,VADOREAL,8,8,465000.0,70000.0,1,1,3,0
2023-09,VILLA DE LEYVA,182,182,1999000.0,11000.0,2,2,2,0
2023-09,VILLANUEVA,6367,6357,235439000.0,34000.0,17,6,51,10
2023-09,VILLAVICENCIO,9154,9125,640503900.0,60000.0,30,6,39,29
2023-09,YOMASA,171,171,8353000.0,35000.0,2,2,17,0
2023-09,YOPAL,33966,33835,1234083500.0,24000.0,73,17,125,131
2023-10,AGUAZUL,4469,4462,221105001.0,40000.0,32,7,67,7
2023-10,ARAUCA,12595,12545,1191441000.0,100000.0,52,8,42,50
2023-10,ARAUQUITA,1158,1135,120729000.0,100000.0,6,2,23,23
2023-10,BOGOTA COFLONORTE P 27,6081,6049,640932000.0,120000.0,55,16,35,32
2023-10,BOGOTA TERMINAL NORTE,1886,1883,177057000.0,80000.0,54,27,30,3
2023-10,BOGOTA TERMINAL SALITRE P 30,7710,7656,750706000.0,110000.0,51,11,33,54
2023-10,BRICE?O,263,263,26596000.0,110000.0,28,13,20,0
2023-10,BUCARAMANGA TERMINAL,2132,2119,178119000.0,90000.0,39,7,25,13
2023-10,CRAVO NORTE,417,415,24165000.0,60000.0,1,1,1,2
2023-10,CUBARA,323,320,27370000.0,70000.0,3,1,8,3
2023-10,CUCUTA,956,940,82865000.0,82000.0,21,2,19,16
2023-10,CUMARAL,1867,1867,93358000.0,45000.0,12,4,25,0
2023-10,DUITAMA,1032,1024,41178000.0,47000.0,22,17,15,8
2023-10,EL VENADO,452,452,21150000.0,40000.0,9,6,38,0
2023-10,FORTUL,1011,991,93777000.0,100000.0,7,1,32,20
2023-10,GARAGOA,1071,1068,31892000.0,28000.0,2,1,27,3
2023-10,HATO COROZAL,3268,3252,104328000.0,30000.0,5,1,50,16
2023-10,JENESANO,391,391,6012500.0,9000.0,1,1,20,0
2023-10,LA ESMERALDA,297,288,27536000.0,85000.0,2,1,17,9
2023-10,LA SALINA,21,20,1470000.0,70000.0,1,1,1,1
2023-10,LOS PATIOS,49,49,4132000.0,77000.0,2,2,9,0
2023-10,MONIQUIRA,2,2,125000.0,62500.0,2,2,1,0
2023-10,MONTERREY,2125,2122,86857000.0,35000.0,11,3,45,3
2023-10,NUNCHIA,503,503,5849000.0,13000.0,1,1,8,0
2023-10,OIBA,8,8,690000.0,90000.0,1,1,2,0
2023-10,OROCUE,971,945,40605000.0,44000.0,2,1,16,26
2023-10,PAIPA,371,371,7760000.0,9000.0,10,8,16,0
2023-10,PAMPLONA,329,328,27858000.0,80000.0,8,1,16,1
2023-10,PARATEBUENO,428,428,13400000.0,25000.0,2,1,19,0
2023-10,PATRIOTAS TUNJA,1369,1369,7675100.0,6000.0,5,5,13,0
2023-10,PAZ DE ARIPORO,11353,11349,265738000.0,22000.0,16,4,64,4
2023-10,PIEDECUESTA,262,261,16410000.0,60000.0,2,2,11,1
2023-10,PORE,4200,4198,83547000.0,18000.0,7,2,39,2
2023-10,PUEBLO NUEVO,427,424,39596000.0,90000.0,1,1,13,3
2023-10,PUERTO RONDON,236,223,8502000.0,22000.0,2,1,5,13
2023-10,RAMIRIQUI,826,826,6959500.0,9000.0,1,1,7,0
2023-10,SABANALARGA,282,282,9639000.0,36000.0,1,1,5,0
2023-10,SACAMA,186,186,11386000.0,60000.0,1,1,6,0
2023-10,SAN GIL,278,278,12975000.0,40000.0,3,1,12,0
2023-10,SAN LUIS DE GACENO,540,540,15644000.0,27000.0,2,1,26,0
2023-10,SAN LUIS DE PALENQUE,1242,1241,30703000.0,22000.0,1,1,13,1
2023-10,SANTA MARIA,563,562,15409000.0,22000.0,1,1,27,1
2023-10,SARAVENA,3344,3307,299947000.0,80000.0,21,4,34,37
2023-10,SOCORRO,83,83,4766000.0,70000.0,1,1,7,0
2023-10,SOGAMOSO,5487,5440,207384000.0,45000.0,25,7,38,47
2023-10,TAMARA,1026,1021,21015000.0,22000.0,1,1,13,5
2023-10,TAME,6623,6573,392229999.0,50000.0,20,7,52,50
2023-10,TIBANA,482,482,6913000.0,11000.0,1,1,13,0
2023-10,TRINIDAD,2009,2005,56155000.0,24000.0,1,1,27,4
2023-10,TUNJA,8638,8616,240335300.0,11000.0,56,15,55,22
2023-10,VADOREAL,27,27,1600000.0,70000.0,2,1,4,0
2023-10,VILLA DE LEYVA,184,182,2107000.0,11000.0,3,3,3,2
2023-10,VILLANUEVA,6339,6322,241201000.0,34000.0,16,6,55,17
2023-10,VILLAVICENCIO,10055,10030,681670000.0,60000.0,38,7,39,25
2023-10,YOMASA,604,594,33841000.0,45000.0,2,2,22,10
2023-10,YOPAL,38154,38040,1431168008.0,27000.0,71,17,137,114
2023-11,AGUAZUL,4123,4115,205841000.0,40000.0,36,7,64,8
2023-11,ARAUCA,11989,11967,1134495000.0,100000.0,53,7,43,22
2023-11,ARAUQUITA,1197,1174,128732000.0,100000.0,8,2,27,23
2023-11,BOGOTA COFLONORTE P 27,6915,6866,713723000.0,120000.0,49,15,33,49
2023-11,BOGOTA TERMINAL NORTE,2089,2084,185687400.0,80000.0,61,28,31,5
2023-11,BOGOTA TERMINAL SALITRE P 30,8083,8022,792730000.0,110000.0,58,12,36,61
2023-11,BRICE?O,343,343,37306000.0,120000.0,26,16,16,0
2023-11,BUCARAMANGA TERMINAL,2219,2204,196929000.0,90000.0,41,5,26,15
2023-11,CRAVO NORTE,387,380,22440000.0,60000.0,1,1,2,7
2023-11,CUBARA,306,302,24884000.0,70000.0,2,1,12,4
2023-11,CUCUTA,1024,1021,89204000.0,87000.0,24,2,20,3
2023-11,CUMARAL,1993,1993,95817000.0,45000.0,12,3,29,0
2023-11,DUITAMA,1078,1075,41728000.0,47000.0,24,16,19,3
2023-11,EL VENADO,436,436,19115000.0,40000.0,11,7,28,0
2023-11,FORTUL,1173,1154,104813200.0,90000.0,4,1,30,19
2023-11,GARAGOA,900,899,25946000.0,28000.0,1,1,22,1
2023-11,HATO COROZAL,2552,2543,83211000.0,30000.0,2,1,50,9
2023-11,JENESANO,355,355,5129000.0,9000.0,1,1,18,0
2023-11,LA ESMERALDA,313,305,29113000.0,85000.0,1,1,18,8
2023-11,LA SALINA,18,17,1260000.0,70000.0,1,1,1,1
2023-11,LOS PATIOS,75,75,6425000.0,77000.0,2,2,11,0
2023-11,MONTERREY,2111,2111,86047900.0,35000.0,16,3,45,0
2023-11,NUNCHIA,591,591,6812000.0,13000.0,1,1,8,0
2023-11,OIBA,12,12,990000.0,85000.0,1,1,2,0
2023-11,OROCUE,1131,1102,48034000.0,44000.0,1,1,22,29
2023-11,PAIPA,204,204,6383000.0,9000.0,10,8,13,0
2023-11,PAMPLONA,201,201,14962000.0,70000.0,2,1,13,0
2023-11,PARATEBUENO,423,423,14238000.0,25000.0,1,1,17,0
2023-11,PATRIOTAS TUNJA,1374,1374,7700900.0,6000.0,5,5,13,0
2023-11,PAZ DE ARIPORO,10943,10940,254183000.0,22000.0,11,4,55,3
2023-11,PIEDECUESTA,224,222,16945000.0,80000.0,2,2,13,2
2023-11,PORE,4027,4026,80453000.01,18000.0,7,2,37,1
2023-11,PUEBLO NUEVO,461,445,42954000.0,100000.0,5,1,20,16
2023-11,PUERTO RONDON,29,28,1226000.0,22000.0,2,1,4,1
2023-11,RAMIRIQUI,837,837,6986000.0,9000.0,1,1,7,0
2023-11,SABANALARGA,270,270,8929000.0,36000.0,1,1,5,0
2023-11,SACAMA,177,175,10968000.0,64000.0,1,1,6,2
2023-11,SAN GIL,208,208,9878000.0,40000.0,2,1,9,0
2023-11,SAN LUIS DE GACENO,398,398,12122000.0,27000.0,3,1,16,0
2023-11,SAN LUIS DE PALENQUE,1156,1149,30913000.0,22000.0,1,1,16,7
2023-11,SANTA MARIA,601,600,17225000.0,30000.0,1,1,19,1
2023-11,SARAVENA,3384,3347,309679000.0,90000.0,22,4,32,37
2023-11,SOCORRO,61,61,3755000.0,70000.0,1,1,6,0
2023-11,SOGAMOSO,5378,5352,187347000.0,40000.0,25,7,38,26
2023-11,TAMARA,1098,1087,22464000.0,22000.0,1,1,12,11
2023-11,TAME,6505,6452,387579000.0,50000.0,23,8,53,53
2023-11,TIBANA,484,484,7267500.0,11000.0,1,1,12,0
2023-11,TRINIDAD,1964,1963,53770400.0,24000.0,1,1,25,1
2023-11,TUNJA,8342,8328,219782400.0,10000.0,56,17,60,14
2023-11,VADOREAL,11,11,645000.0,70000.0,1,1,4,0
2023-11,VILLA DE LEYVA,234,234,2574000.0,11000.0,3,3,1,0
2023-11,VILLANUEVA,6674,6658,257951000.0,34000.0,14,6,51,16
2023-11,VILLAVICENCIO,9875,9854,673594000.0,60000.0,39,6,38,21
2023-11,YOMASA,708,701,37950000.0,45000.0,2,2,20,7
2023-11,YOPAL,35362,35245,1360270000.0,30000.0,72,19,134,117
2023-12,AGUAZUL,5130,5117,294165000.0,50000.0,38,7,77,13
2023-12,ARAUCA,13083,13021,1331642000.0,110000.0,59,9,59,62
2023-12,ARAUQUITA,1607,1567,191887000.0,123000.0,7,2,38,40
2023-12,BOGOTA COFLONORTE P 27,11848,11793,1600962000.0,150000.0,60,18,33,55
2023-12,BOGOTA TERMINAL NORTE,2800,2767,280686000.0,110000.0,57,26,29,33
2023-12,BOGOTA TERMINAL SALITRE P 30,11245,11162,1484094000.0,140000.0,68,14,37,83
2023-12,BRICE?O,466,463,57612000.0,140000.0,31,15,20,3
2023-12,BUCARAMANGA TERMINAL,3815,3786,386934000.0,110000.0,57,7,33,29
2023-12,CRAVO NORTE,264,262,16225000.0,65000.0,1,1,1,2
2023-12,CUBARA,453,439,42393000.0,80000.0,11,1,18,14
2023-12,CUCUTA,1763,1756,176500000.0,97000.0,33,3,22,7
2023-12,CUMARAL,1922,1922,109507000.0,48000.0,10,3,29,0
2023-12,DUITAMA,1215,1203,64159000.0,52000.0,27,16,25,12
2023-12,EL VENADO,638,638,36272000.0,45000.0,8,6,35,0
2023-12,FORTUL,1478,1449,144246000.0,100000.0,9,1,31,29
2023-12,GARAGOA,1122,1122,33681002.0,28000.0,1,1,23,0
2023-12,HATO COROZAL,2730,2720,105656000.0,30000.0,3,1,53,10
2023-12,JENESANO,368,368,6061500.0,9000.0,1,1,20,0
2023-12,LA ESMERALDA,452,443,44336000.0,90000.0,2,1,20,9
2023-12,LOS PATIOS,16,16,1268000.0,77000.0,2,1,4,0
2023-12,MONTERREY,1935,1931,91184000.0,40000.0,13,4,44,4
2023-12,NUNCHIA,650,650,8328000.0,13000.0,1,1,7,0
2023-12,OIBA,33,30,2522000.0,90000.0,1,1,5,3
2023-12,OROCUE,1220,1199,54847000.0,45000.0,1,1,23,21
2023-12,PAIPA,310,308,13948000.0,40000.0,10,8,28,2
2023-12,PAMPLONA,498,492,48256000.0,100000.0,8,1,14,6
2023-12,PARATEBUENO,453,453,19109000.0,30000.0,2,1,18,0
2023-12,PATRIOTAS TUNJA,1166,1166,6322100.0,6000.0,5,5,12,0
2023-12,PAZ DE ARIPORO,11651,11643,314564000.0,24000.0,12,5,66,8
2023-12,PIEDECUESTA,372,365,28387000.0,80000.0,6,2,17,7
2023-12,PORE,4577,4573,104506000.0,20000.0,9,3,46,4
2023-12,PUEBLO NUEVO,541,532,57259000.0,119000.0,2,1,22,9
2023-12,PUERTO RONDON,4,4,184000.0,46000.0,1,1,2,0
2023-12,RAMIRIQUI,696,696,5857900.0,9000.0,1,1,7,0
2023-12,SABANALARGA,324,324,11042000.0,42000.0,1,1,6,0
2023-12,SACAMA,154,153,10555000.0,70000.0,2,1,5,1
2023-12,SAN GIL,353,353,20084000.0,60000.0,3,1,16,0
2023-12,SAN LUIS DE GACENO,662,662,19079000.0,27000.0,1,1,23,0
2023-12,SAN LUIS DE PALENQUE,1305,1305,39042000.0,24000.0,1,1,19,0
2023-12,SANTA MARIA,586,586,16553000.0,32000.0,1,1,19,0
2023-12,SARAVENA,3928,3865,399088000.0,100000.0,21,4,44,63
2023-12,SOCORRO,106,105,7823000.0,85000.0,1,1,11,1
2023-12,SOGAMOSO,6181,6094,272665500.0,47000.0,31,8,45,87
2023-12,TAMARA,1212,1208,26850000.0,24000.0,2,1,13,4
2023-12,TAME,7650,7575,519061000.0,50000.0,24,8,65,75
2023-12,TIBANA,517,517,8337000.0,11000.0,1,1,13,0
2023-12,TRINIDAD,2387,2387,77560000.0,27000.0,1,1,33,0
2023-12,TUNJA,8000,7977,260541400.0,11000.0,54,16,58,23
2023-12,VADOREAL,72,72,5020000.0,70000.0,2,1,8,0
2023-12,VILLA DE LEYVA,173,173,2444000.0,11000.0,3,3,6,0
2023-12,VILLANUEVA,8473,8444,370143000.0,40000.0,15,6,54,29
2023-12,VILLAVICENCIO,13994,13987,1199859000.0,70000.0,48,6,38,7
2023-12,YOMASA,499,492,31111000.0,55000.0,2,2,22,7
2023-12,YOPAL,43931,43741,1948494300.0,33000.0,83,20,141,190
2024-01,AGUAZUL,4705,4696,269981000.0,55000.0,42,7,71,9
2024-01,ARAUCA,20385,20332,2414790800.0,120000.0,72,9,52,53
2024-01,ARAUQUITA,1660,1623,199022000.0,130000.0,9,2,33,37
2024-01,BARBOSA ANGELES,42,42,2312000.0,50000.0,4,3,5,0
2024-01,BARRANCA DE UPIA,292,292,11531000.0,30000.0,1,1,18,0
2024-01,BOGOTA COFLONORTE P 27,7230,7165,894322000.0,135000.0,54,17,33,65
2024-01,BOGOTA TERMINAL NORTE,1566,1562,173684000.0,120000.0,53,27,35,4
2024-01,BOGOTA TERMINAL SALITRE P 30,9098,9023,1001103999.0,120000.0,60,12,41,75
2024-01,BRICE?O,364,363,42363000.0,130000.0,24,13,20,1
2024-01,BUCARAMANGA TERMINAL,4289,4277,447110000.0,110000.0,48,7,27,12
2024-01,CRAVO NORTE,479,479,29845000.0,65000.0,4,1,1,0
2024-01,CUBARA,575,566,58745000.0,120000.0,9,1,13,9
2024-01,CUCUTA,1779,1764,180923000.0,100000.0,27,2,17,15
2024-01,CUMARAL,2166,2156,112594000.0,48000.0,7,3,25,10
2024-01,DUITAMA,1246,1228,75443000.0,52000.0,27,15,24,18
2024-01,EL VENADO,649,645,29622000.0,38000.0,9,6,38,4
2024-01,FORTUL,1536,1503,151708000.0,100000.0,10,1,32,33
2024-01,GARAGOA,1208,1205,38639000.0,31000.0,1,1,26,3
2024-01,HATO COROZAL,2761,2747,118446000.0,33000.0,8,1,48,14
2024-01,JENESANO,407,407,6451500.0,10000.0,1,1,16,0
2024-01,LA ESMERALDA,593,580,60596000.0,90000.0,2,1,22,13
2024-01,MONIQUIRA,9,9,467000.0,75000.0,3,3,4,0
2024-01,MONTERREY,1944,1932,82649000.0,40000.0,8,3,39,12
2024-01,NUNCHIA,534,534,7239000.0,15000.0,2,1,7,0
2024-01,OIBA,61,61,5063000.0,90000.0,1,1,5,0
2024-01,OROCUE,1102,1075,49729000.0,45000.0,3,1,20,27
2024-01,PAIPA,488,485,19030000.0,40000.0,14,8,24,3
2024-01,PAMPLONA,147,145,13632000.0,100000.0,8,1,9,2
2024-01,PARATEBUENO,410,408,14959000.0,25000.0,4,2,23,2
2024-01,PATRIOTAS TUNJA,900,900,5104500.0,6000.0,5,5,11,0
2024-01,PAZ DE ARIPORO,11876,11860,330085000.0,24000.0,9,5,58,16
2024-01,PIEDECUESTA,438,437,35334000.0,80000.0,5,2,15,1
2024-01,PORE,4319,4317,104608000.0,20000.0,6,3,45,2
2024-01,PUEBLO NUEVO,751,740,80945000.0,115000.0,6,1,20,11
2024-01,PUERTO RONDON,4,4,184000.0,46000.0,1,1,2,0
2024-01,RAMIRIQUI,687,687,5921500.0,9000.0,1,1,7,0
2024-01,SABANALARGA,245,245,8420000.0,40000.0,1,1,6,0
2024-01,SACAMA,184,184,12283000.0,70000.0,1,1,6,0
2024-01,SAN GIL,500,500,31776000.0,60000.0,2,1,12,0
2024-01,SAN LUIS DE GACENO,698,688,20591000.0,27000.0,1,1,24,10
2024-01,SAN LUIS DE PALENQUE,1162,1158,34249000.0,24000.0,2,1,20,4
2024-01,SANTA MARIA,780,774,22326000.0,31500.0,1,1,21,6
2024-01,SARAVENA,4777,4707,494835000.0,100000.0,19,4,38,70
2024-01,SOCORRO,137,137,11010000.0,90000.0,1,1,9,0
2024-01,SOGAMOSO,4576,4530,204183500.0,45000.0,27,8,44,46
2024-01,TAMARA,1085,1082,24031000.0,24000.0,1,1,10,3
2024-01,TAME,7441,7366,563357000.0,50000.0,33,8,62,75
2024-01,TIBANA,480,480,8497000.0,12000.0,1,1,13,0
2024-01,TRINIDAD,2299,2288,73075000.0,27000.0,3,1,33,11
2024-01,TUNJA,6971,6964,237119700.0,12000.0,55,13,55,7
2024-01,VADOREAL,76,75,4725000.0,70000.0,2,1,7,1
2024-01,VILLA DE LEYVA,231,231,2672000.0,11000.0,3,3,4,0
2024-01,VILLANUEVA,7440,7417,308119000.0,35000.0,19,6,62,23
2024-01,VILLAVICENCIO,12407,12397,938097000.0,65000.0,46,5,46,10
2024-01,YOMASA,485,479,30967000.0,55000.0,2,2,22,6
2024-01,YOPAL,33201,33086,1428842001.0,30000.0,70,18,130,115
2024-02,AGUAZUL,3094,3082,170330000.0,50000.0,33,7,65,12
2024-02,ARAUCA,12884,12841,1331018000.0,100000.0,64,9,50,43
2024-02,ARAUQUITA,921,904,105892000.0,120000.0,2,2,27,17
2024-02,BARBOSA ANGELES,21,21,954000.0,45000.0,3,2,7,0
2024-02,BARRANCA DE UPIA,407,407,13579000.0,30000.0,6,2,21,0
2024-02,BOGOTA COFLONORTE P 27,4780,4734,558707000.0,130000.0,50,16,36,46
2024-02,BOGOTA TERMINAL NORTE,1259,1246,126417000.0,85000.0,56,26,32,13
2024-02,BOGOTA TERMINAL SALITRE P 30,6777,6738,711025000.0,120000.0,59,13,39,39
2024-02,BRICE?O,261,261,28315000.0,110000.0,24,14,18,0
2024-02,BUCARAMANGA TERMINAL,1978,1971,168096000.0,90000.0,24,6,26,7
2024-02,CRAVO NORTE,410,406,24780000.0,65000.0,5,1,1,4
2024-02,CUBARA,281,276,26120000.0,80000.0,8,1,10,5
2024-02,CUCUTA,875,870,85145000.0,100000.0,21,2,20,5
2024-02,CUMARAL,1926,1919,86584000.0,45000.0,10,3,30,7
2024-02,DUITAMA,854,851,36578000.0,50000.0,23,14,25,3
2024-02,EL VENADO,414,414,16190000.0,30000.0,10,8,29,0
2024-02,FORTUL,826,806,74936000.0,98000.0,7,1,29,20
2024-02,GARAGOA,907,906,29036000.0,31000.0,1,1,22,1
2024-02,HATO COROZAL,2045,2043,74813000.0,32000.0,2,1,49,2
2024-02,JENESANO,362,362,5930000.0,10000.0,2,1,19,0
2024-02,LA ESMERALDA,237,234,23175000.0,95000.0,2,1,12,3
2024-02,LA SALINA,4,1,293000.0,70000.0,1,1,1,3
2024-02,LOS PATIOS,2,1,190000.0,95000.0,1,1,2,1
2024-02,MONIQUIRA,6,6,255000.0,25000.0,2,2,3,0
2024-02,MONTERREY,1535,1532,61675000.0,35000.0,9,3,38,3
2024-02,NUNCHIA,445,445,5890000.0,15000.0,1,1,8,0
2024-02,OIBA,25,25,1424000.0,42000.0,1,1,6,0
2024-02,OROCUE,943,915,42418000.0,45000.0,2,1,19,28
2024-02,PAIPA,422,420,13772000.0,10000.0,11,8,19,2
2024-02,PAMPLONA,156,153,15399000.0,100000.0,5,1,14,3
2024-02,PARATEBUENO,409,409,11875000.0,25000.0,5,2,19,0
2024-02,PATRIOTAS TUNJA,804,804,4698800.0,6500.0,5,4,12,0
2024-02,PAZ DE ARIPORO,8569,8564,220762000.0,24000.0,13,4,55,5
2024-02,PIEDECUESTA,260,258,15545000.0,65000.0,3,3,13,2
2024-02,PORE,3393,3391,74592000.0,20000.0,6,2,39,2
2024-02,PUEBLO NUEVO,371,371,36298000.0,105000.0,5,1,19,0
2024-02,PUERTO RONDON,13,12,286000.0,22000.0,1,1,1,1
2024-02,RAMIRIQUI,590,590,5231000.0,9500.0,1,1,6,0
2024-02,SABANALARGA,207,207,7171000.0,40000.0,1,1,6,0
2024-02,SACAMA,157,157,10973000.0,70000.0,1,1,4,0
2024-02,SAN GIL,211,211,10168000.0,48000.0,1,1,14,0
2024-02,SAN LUIS DE GACENO,421,420,13300000.0,30000.0,3,1,21,1
2024-02,SAN LUIS DE PALENQUE,1245,1238,33267000.0,24000.0,1,1,22,7
2024-02,SANTA MARIA,521,519,15823000.0,32000.0,1,1,19,2
2024-02,SARAVENA,2681,2663,265223000.0,100000.0,12,4,36,18
2024-02,SOCORRO,46,46,3165000.0,72500.0,1,1,7,0
2024-02,SOGAMOSO,2810,2788,119128000.0,45000.0,19,7,46,22
2024-02,TAMARA,735,727,16362000.0,24000.0,1,1,10,8
2024-02,TAME,4739,4708,329883000.0,50000.0,27,8,55,31
2024-02,TIBANA,455,455,7425000.0,12000.0,2,1,13,0
2024-02,TRINIDAD,2097,2096,60364000.0,25000.0,2,1,27,1
2024-02,TUNJA,5550,5533,160187500.0,11000.0,37,11,56,17
2024-02,VADOREAL,48,46,2311000.0,37500.0,1,1,10,2
2024-02,VILLA DE LEYVA,153,153,1836000.0,12000.0,3,3,1,0
2024-02,VILLANUEVA,6088,6075,239798007.0,35000.0,20,7,58,13
2024-02,VILLAVICENCIO,8011,7997,577412000.0,65000.0,34,6,35,14
2024-02,YOMASA,347,343,21632000.0,60000.0,2,2,19,4
2024-02,YOPAL,27238,27163,1062267000.0,25000.0,60,18,134,75
2024-03,AGUAZUL,4433,4421,241999000.0,50000.0,37,6,69,12
2024-03,ARAUCA,11846,11772,1181064003.0,100000.0,58,9,50,74
2024-03,ARAUQUITA,1102,1087,128156000.0,120000.0,6,2,29,15
2024-03,BARBOSA ANGELES,18,18,795000.0,30000.0,4,4,6,0
2024-03,BARRANCA DE UPIA,633,632,23706000.0,33000.0,6,2,22,1
2024-03,BOGOTA COFLONORTE P 27,5603,5576,636352000.0,130000.0,56,16,37,27
2024-03,BOGOTA TERMINAL NORTE,2002,1980,195920000.0,85000.0,59,27,34,22
2024-03,BOGOTA TERMINAL SALITRE P 30,7170,7128,749896000.0,120000.0,70,14,38,42
2024-03,BRICE?O,363,363,38092000.0,100000.0,31,17,20,0
2024-03,BUCARAMANGA TERMINAL,2664,2644,250771000.0,100000.0,52,8,29,20
2024-03,CRAVO NORTE,453,446,27621000.0,65000.0,2,1,1,7
2024-03,CUBARA,361,357,33266000.0,70000.0,8,1,13,4
2024-03,CUCUTA,1290,1285,128932000.0,100000.0,26,2,19,5
2024-03,CUMARAL,1880,1880,93912000.0,50000.0,11,4,32,0
2024-03,DUITAMA,1323,1313,68092000.0,52000.0,33,16,29,10
2024-03,EL VENADO,610,607,22469000.0,30000.0,6,5,33,3
2024-03,FORTUL,1033,1005,96917000.0,100000.0,7,1,33,28
2024-03,GARAGOA,1032,1028,32785000.0,31000.0,1,1,24,4
2024-03,HATO COROZAL,2541,2530,93305000.0,31000.0,2,1,53,11
2024-03,JENESANO,374,374,5568000.0,10000.0,1,1,16,0
2024-03,LA ESMERALDA,280,274,27910000.0,95000.0,2,1,13,6
2024-03,LA SALINA,10,10,782000.0,80000.0,1,1,2,0
2024-03,LAS JUNTAS,28,28,945000.0,35000.0,1,1,10,0
2024-03,MONIQUIRA,1,1,41000.0,41000.0,1,1,1,0
2024-03,MONTERREY,2128,2124,84486000.0,35000.0,10,3,39,4
2024-03,NUNCHIA,519,519,6807000.0,15000.0,1,1,9,0
2024-03,OIBA,21,19,1698000.0,90000.0,1,1,4,2
2024-03,OROCUE,1069,1047,45882000.0,45000.0,3,1,21,22
2024-03,PAIPA,522,517,17010000.0,10000.0,10,8,22,5
2024-03,PAMPLONA,141,140,13312000.0,100000.0,5,1,14,1
2024-03,PARATEBUENO,499,499,16843000.0,25000.0,4,2,19,0
2024-03,PATRIOTAS TUNJA,712,712,4302600.0,6500.0,5,4,12,0
2024-03,PAZ DE ARIPORO,10255,10252,268703000.0,24000.0,15,5,63,3
2024-03,PIEDECUESTA,363,355,23349000.0,70000.0,5,4,15,8
2024-03,PORE,4123,4123,92634000.0,20000.0,10,3,43,0
2024-03,PUEBLO NUEVO,507,495,49104000.0,105000.0,7,1,25,12
2024-03,PUERTO RONDON,6,6,272000.0,44000.0,1,1,3,0
2024-03,RAMIRIQUI,607,607,5414500.0,9500.0,1,1,6,0
2024-03,SABANALARGA,192,192,6335000.0,40000.0,1,1,7,0
2024-03,SACAMA,145,145,9646000.0,68000.0,1,1,4,0
2024-03,SAN GIL,272,272,15259000.0,53000.0,3,1,12,0
2024-03,SAN LUIS DE GACENO,444,444,14791000.0,30000.0,3,1,23,0
2024-03,SAN LUIS DE PALENQUE,1122,1118,33834000.0,24000.0,1,1,16,4
2024-03,SANTA MARIA,605,601,18779000.0,33000.0,1,1,22,4
2024-03,SARAVENA,3194,3159,318703000.0,100000.0,26,5,41,35
2024-03,SOCORRO,97,97,6976000.0,70000.0,1,1,8,0
2024-03,SOGAMOSO,4272,4260,203365500.0,50000.0,33,7,49,12
2024-03,TAMARA,910,909,20406000.0,24000.0,1,1,11,1
2024-03,TAME,5716,5677,391804000.0,50000.0,29,7,61,39
2024-03,TIBANA,470,469,7992000.0,12000.0,1,1,11,1
2024-03,TRINIDAD,1922,1917,58457000.0,27000.0,1,1,26,5
2024-03,TUNJA,6898,6890,224567000.0,12000.0,63,13,55,8
2024-03,VADOREAL,49,49,2448000.0,40000.0,3,1,10,0
2024-03,VILLA DE LEYVA,217,217,2560000.0,12000.0,3,3,3,0
2024-03,VILLANUEVA,7447,7436,305622000.0,35000.0,20,8,61,11
2024-03,VILLAVICENCIO,10713,10679,752776000.0,60000.0,39,6,35,34
2024-03,YOMASA,801,796,47130000.0,50000.0,3,2,25,5
2024-03,YOPAL,33545,33445,1370518000.0,27000.0,67,17,131,100
2024-04,AGUAZUL,3404,3398,181983000.0,50000.0,38,7,69,6
2024-04,ARAUCA,11534,11482,1143069002.0,100000.0,52,9,52,52
2024-04,ARAUQUITA,924,907,107178500.0,120000.0,8,2,27,17
2024-04,BARBOSA ANGELES,10,10,344000.0,30000.0,5,4,7,0
2024-04,BARRANCA DE UPIA,581,581,21696000.0,35000.0,6,1,23,0
2024-04,BOGOTA COFLONORTE P 27,4615,4592,497079000.0,120000.0,46,15,34,23
2024-04,BOGOTA TERMINAL NORTE,1357,1351,139611000.0,85000.0,54,24,29,6
2024-04,BOGOTA TERMINAL SALITRE P 30,6135,6092,614333000.0,110000.0,58,12,40,43
2024-04,BRICE?O,301,299,32564000.0,110000.0,28,15,19,2
2024-04,BUCARAMANGA TERMINAL,1825,1818,154241000.0,90000.0,30,7,26,7
2024-04,CRAVO NORTE,546,545,33090000.0,65000.0,2,1,2,1
2024-04,CUBARA,295,284,27854000.0,105000.0,4,1,12,11
2024-04,CUCUTA,754,750,73039000.0,90000.0,19,2,18,4
2024-04,CUMARAL,1739,1739,82899000.0,45000.0,11,3,32,0
2024-04,DUITAMA,976,966,43386000.0,50000.0,22,13,25,10
2024-04,EL VENADO,513,513,19266000.0,30000.0,6,5,27,0
2024-04,FORTUL,785,756,69504000.0,90000.0,7,1,29,29
2024-04,GARAGOA,932,925,27992000.0,31000.0,1,1,25,7
2024-04,HATO COROZAL,2598,2585,82092000.0,30000.0,7,1,45,13
2024-04,JENESANO,384,384,5894000.0,10000.0,1,1,18,0
2024-04,LA ESMERALDA,241,238,24715000.0,100000.0,1,1,16,3
2024-04,LA SALINA,36,36,2860000.0,80000.0,1,1,1,0
2024-04,MONIQUIRA,3,3,166000.0,75000.0,1,1,2,0
2024-04,MONTERREY,2188,2186,81156000.0,35000.0,11,3,43,2
2024-04,NUNCHIA,406,406,5310000.0,15000.0,1,1,7,0
2024-04,OIBA,16,16,1105000.0,80000.0,1,1,5,0
2024-04,OROCUE,911,893,39793000.0,45000.0,2,1,19,18
2024-04,PAIPA,550,548,14994000.0,10000.0,14,7,22,2
2024-04,PAMPLONA,74,72,6824000.0,100000.0,3,1,11,2
2024-04,PARATEBUENO,479,479,13645000.0,25000.0,9,2,18,0
2024-04,PATRIOTAS TUNJA,544,544,2522500.0,4800.0,5,4,12,0
2024-04,PAZ DE ARIPORO,10031,10014,258480000.0,24000.0,17,6,64,17
2024-04,PIEDECUESTA,207,207,13504000.0,70000.0,3,2,12,0
2024-04,PORE,3848,3842,88201000.0,20000.0,12,6,47,6
2024-04,PUEBLO NUEVO,356,351,34441000.0,105000.0,9,1,22,5
2024-04,PUERTO RONDON,13,11,478000.0,22000.0,1,1,2,2
2024-04,RAMIRIQUI,678,678,6011500.0,9500.0,1,1,6,0
2024-04,SABANALARGA,257,257,8734000.0,40000.0,1,1,6,0
2024-04,SACAMA,137,137,9804000.0,72000.0,1,1,4,0
2024-04,SAN GIL,227,227,10175000.0,45000.0,1,1,12,0
2024-04,SAN LUIS DE GACENO,468,468,15279000.0,30000.0,4,1,23,0
2024-04,SAN LUIS DE PALENQUE,970,967,26701000.0,24000.0,1,1,17,3
2024-04,SANTA MARIA,466,464,13907000.0,26000.0,1,1,20,2
2024-04,SARAVENA,2764,2741,263656000.0,90000.0,13,4,37,23
2024-04,SOCORRO,56,56,3225000.0,55000.0,1,1,8,0
2024-04,SOGAMOSO,2810,2800,119949000.0,45000.0,22,8,43,10
2024-04,TAMARA,899,896,20311000.0,24000.0,1,1,12,3
2024-04,TAME,4944,4931,312618000.0,50000.0,22,8,67,13
2024-04,TIBANA,339,339,5604000.0,12000.0,1,1,12,0
2024-04,TRINIDAD,1883,1880,56631000.0,27000.0,1,1,27,3
2024-04,TUNJA,6270,6253,167776100.0,11000.0,42,14,56,17
2024-04,VADOREAL,39,39,1520000.0,35000.0,1,1,9,0
2024-04,VILLA DE LEYVA,172,172,2034000.0,12000.0,3,3,2,0
2024-04,VILLANUEVA,6772,6767,252486000.0,35000.0,18,7,58,5
2024-04,VILLAVICENCIO,9002,8988,615589000.0,60000.0,30,7,40,14
2024-04,YOMASA,634,634,35417000.0,50000.0,2,2,20,0
2024-04,YOPAL,29001,28848,1161335000.0,27000.0,73,17,132,153
2024-05,AGUAZUL,4246,4226,204114000.0,46000.0,36,9,81,20
2024-05,ARAUCA,10346,10294,1001806002.0,100000.0,50,9,52,52
2024-05,ARAUQUITA,962,943,107640000.0,110000.0,4,2,29,19
2024-05,BARBOSA ANGELES,29,29,1003000.0,30000.0,6,5,11,0
2024-05,BARRANCA DE UPIA,539,536,20232000.0,35000.0,6,2,20,3
2024-05,BOGOTA COFLONORTE P 27,5249,5214,545195000.0,120000.0,50,16,35,35
2024-05,BOGOTA TERMINAL NORTE,1601,1586,154834000.0,85000.0,53,22,37,15
2024-05,BOGOTA TERMINAL SALITRE P 30,7053,6982,705553000.0,110000.0,54,13,43,71
2024-05,BRICE?O,335,335,29351000.0,85000.0,24,12,25,0
2024-05,BUCARAMANGA TERMINAL,2247,2230,183816000.0,90000.0,31,6,29,17
2024-05,CRAVO NORTE,520,517,31140000.0,55000.0,2,1,2,3
2024-05,CUBARA,274,270,26570000.0,110000.0,5,2,16,4
2024-05,CUCUTA,742,733,70486000.0,90000.0,23,3,17,9
2024-05,CUMARAL,1891,1891,89676000.0,50000.0,14,3,26,0
2024-05,DUITAMA,1186,1180,51772000.0,40000.0,27,14,31,6
2024-05,EL VENADO,476,476,18845000.0,30000.0,9,7,32,0
2024-05,FORTUL,825,804,75739000.0,95000.0,8,1,31,21
2024-05,GARAGOA,846,846,26681000.0,31000.0,1,1,21,0
2024-05,HATO COROZAL,2919,2901,106440000.0,33000.0,2,1,45,18
2024-05,JENESANO,352,352,5346000.0,10000.0,1,1,13,0
2024-05,LA ESMERALDA,219,212,23007000.0,100000.0,2,1,12,7
2024-05,LA SALINA,11,11,840000.0,75000.0,1,1,1,0
2024-05,LAS JUNTAS,45,45,1303000.0,28000.0,1,1,8,0
2024-05,MANI,95,95,1945000.0,22000.0,4,3,5,0
2024-05,MONIQUIRA,3,3,83000.0,20000.0,2,2,3,0
2024-05,MONTERREY,2112,2105,85744998.0,40000.0,10,3,47,7
2024-05,NUNCHIA,545,545,7146000.0,15000.0,1,1,8,0
2024-05,OIBA,23,23,1390000.0,75000.0,2,1,8,0
2024-05,OROCUE,984,971,43574000.0,45000.0,3,1,20,13
2024-05,PAIPA,580,579,16394000.0,10000.0,13,8,22,1
2024-05,PAMPLONA,98,88,9274000.0,100000.0,6,1,11,10
2024-05,PARATEBUENO,534,534,15846000.0,25000.0,6,2,20,0
2024-05,PATRIOTAS TUNJA,435,435,2154700.0,5000.0,5,5,12,0
2024-05,PAZ DE ARIPORO,10743,10729,274320000.0,24000.0,16,7,67,14
2024-05,PIEDECUESTA,361,356,21405000.0,60000.0,3,2,14,5
2024-05,PORE,4174,4171,92137000.0,20000.0,10,7,45,3
2024-05,PUEBLO NUEVO,467,461,43897000.0,90000.0,13,5,18,6
2024-05,PUERTO RONDON,14,13,530000.0,25000.0,1,1,2,1
2024-05,RAMIRIQUI,728,728,6549500.0,9500.0,1,1,7,0
2024-05,SABANALARGA,258,258,8966000.0,40000.0,2,1,6,0
2024-05,SACAMA,169,168,11808000.0,70000.0,1,1,4,1
2024-05,SAN GIL,313,313,15304000.0,50000.0,4,1,12,0
2024-05,SAN LUIS DE GACENO,438,436,15060000.0,30000.0,3,1,27,2
2024-05,SAN LUIS DE PALENQUE,935,934,26771000.0,24000.0,1,1,15,1
2024-05,SANTA MARIA,458,452,13951000.0,27000.0,2,1,21,6
2024-05,SARAVENA,2905,2874,277389000.0,90000.0,13,4,42,31
2024-05,SOCORRO,87,87,5773000.0,70000.0,1,1,9,0
2024-05,SOGAMOSO,3209,3189,137355000.0,45000.0,34,13,48,20
2024-05,TAMARA,971,970,21753000.0,24000.0,2,1,11,1
2024-05,TAME,5449,5425,344939000.0,50000.0,19,7,65,24
2024-05,TAURAMENA,481,481,10450000.0,22000.0,1,1,7,0
2024-05,TIBANA,459,459,7515000.0,12000.0,1,1,15,0
2024-05,TRINIDAD,1940,1940,59701000.0,27000.0,1,1,25,0
2024-05,TUNJA,6503,6484,202247500.0,12000.0,58,16,58,19
2024-05,VADOREAL,27,26,1115000.0,35000.0,1,1,10,1
2024-05,VILLA DE LEYVA,198,198,2358000.0,12000.0,3,3,3,0
2024-05,VILLANUEVA,7344,7321,288479000.0,40000.0,19,7,68,23
2024-05,VILLAVICENCIO,9219,9187,627042000.0,60000.0,41,6,42,32
2024-05,YOMASA,589,587,34407000.0,55000.0,2,2,23,2
2024-05,YOPAL,32595,32489,1281244000.01,27000.0,53,17,145,106
2024-06,AGUAZUL,6811,6769,259287000.0,36000.0,37,9,74,42
2024-06,ARAUCA,11149,11105,1100459000.0,100000.0,61,9,46,44
2024-06,ARAUQUITA,1250,1235,148805000.0,130000.0,6,2,28,15
2024-06,BARBOSA ANGELES,55,55,1898000.0,30000.0,4,3,14,0
2024-06,BARRANCA DE UPIA,642,642,24249000.0,33000.0,9,7,20,0
2024-06,BOGOTA COFLONORTE P 27,6927,6902,697188000.0,110000.0,57,15,37,25
2024-06,BOGOTA TERMINAL NORTE,1095,1078,100367000.0,85000.0,52,24,28,17
2024-06,BOGOTA TERMINAL SALITRE P 30,8954,8874,875236000.0,100000.0,70,13,43,80
2024-06,BRICE?O,197,197,20447000.0,115000.0,17,10,18,0
2024-06,BUCARAMANGA TERMINAL,2190,2170,231800000.0,120000.0,38,6,32,20
2024-06,CRAVO NORTE,449,443,28139000.0,65000.0,1,1,1,6
2024-06,CUBARA,186,182,21309000.0,120000.0,3,1,13,4
2024-06,CUCUTA,670,654,78525000.0,120000.0,19,2,17,16
2024-06,CUMARAL,2001,2001,102786008.0,50000.0,11,3,25,0
2024-06,DUITAMA,910,900,48228000.0,52000.0,23,15,27,10
2024-06,EL VENADO,1031,1026,34422000.0,22000.0,11,8,23,5
2024-06,FORTUL,1063,1030,102435900.0,100000.0,5,1,32,33
2024-06,GARAGOA,261,261,7941000.0,31000.0,1,1,13,0
2024-06,HATO COROZAL,2885,2867,95525000.0,30000.0,3,1,51,18
2024-06,JENESANO,432,430,4846000.0,10000.0,1,1,10,2
2024-06,LA ESMERALDA,272,265,31310000.0,125000.0,1,1,17,7
2024-06,MANI,551,551,11312000.0,22000.0,3,1,4,0
2024-06,MONIQUIRA,14,14,614000.0,45000.0,2,2,4,0
2024-06,MONTERREY,2476,2473,107503000.0,40000.0,9,3,39,3
2024-06,NUNCHIA,534,534,7149000.0,15000.0,1,1,8,0
2024-06,OIBA,35,35,2305000.0,80000.0,1,1,6,0
2024-06,OROCUE,1160,1148,51621000.0,45000.0,1,1,22,12
2024-06,PAIPA,512,509,14861000.0,10000.0,13,9,21,3
2024-06,PAJARITO,2,0,40000.0,20000.0,1,1,1,2
2024-06,PAMPLONA,74,73,7185000.0,100000.0,1,1,12,1
2024-06,PARATEBUENO,621,621,20099000.0,25000.0,5,2,22,0
2024-06,PATRIOTAS TUNJA,399,399,2036200.0,6000.0,5,5,12,0
2024-06,PAZ DE ARIPORO,10764,10741,282203000.0,24000.0,15,6,72,23
2024-06,PIEDECUESTA,284,282,21266000.0,75000.0,6,2,19,2
2024-06,PORE,4283,4282,96485000.0,20000.0,10,6,51,1
2024-06,PUEBLO NUEVO,601,601,58121000.0,100000.0,10,4,17,0
2024-06,PUERTO RONDON,7,7,304000.0,25000.0,1,1,2,0
2024-06,RAMIRIQUI,784,784,7150000.0,9500.0,1,1,5,0
2024-06,SABANALARGA,328,328,11360008.0,40000.0,1,1,7,0
2024-06,SACAMA,124,123,8515000.0,70000.0,1,1,4,1
2024-06,SAN GIL,327,321,19866000.0,55000.0,3,1,18,6
2024-06,SAN LUIS DE GACENO,153,153,3433000.0,25000.0,1,1,3,0
2024-06,SAN LUIS DE PALENQUE,971,964,28514000.0,24000.0,1,1,13,7
2024-06,SANTA MARIA,119,119,3628000.0,24000.0,1,1,11,0
2024-06,SARAVENA,2905,2852,309194000.0,120000.0,16,4,30,53
2024-06,SOCORRO,75,75,5925000.0,80000.0,2,1,8,0
2024-06,SOGAMOSO,3390,3316,153851000.0,50000.0,30,14,48,74
2024-06,TAMARA,1015,1009,22588000.0,24000.0,1,1,12,6
2024-06,TAME,5898,5861,382922000.0,50000.0,27,8,59,37
2024-06,TAURAMENA,2012,2010,43520000.0,22000.0,1,1,11,2
2024-06,TIBANA,519,517,7381000.0,12000.0,1,1,11,2
2024-06,TRINIDAD,1918,1918,59532000.0,27000.0,2,1,20,0
2024-06,TUNJA,5345,5324,157601300.0,11000.0,55,14,56,21
2024-06,VADOREAL,66,66,3406000.0,70000.0,1,1,10,0
2024-06,VILLA DE LEYVA,181,181,2163000.0,12000.0,3,3,3,0
2024-06,VILLANUEVA,7394,7377,312818000.0,40000.0,17,8,49,17
2024-06,VILLAVICENCIO,10752,10727,711670000.0,60000.0,43,6,39,25
2024-06,YOMASA,1381,1377,78148000.0,50000.0,3,2,35,4
2024-06,YOPAL,38747,38602,1499150000.0,26000.0,71,20,149,145
2024-07,AGUAZUL,6035,6025,218564000.0,30000.0,24,9,67,10
2024-07,ARAUCA,12528,12464,1236333001.0,100000.0,51,8,48,64
2024-07,ARAUQUITA,1134,1121,130177000.0,130000.0,7,2,24,13
2024-07,BARRANCA DE UPIA,727,727,28064000.0,30000.0,8,6,22,0
2024-07,BOGOTA COFLONORTE P 27,7931,7891,807480000.0,110000.0,58,16,38,40
2024-07,BOGOTA TERMINAL NORTE,94,93,8300000.0,92500.0,17,11,12,1
2024-07,BOGOTA TERMINAL SALITRE P 30,10018,9933,988243500.0,110000.0,66,13,42,85
2024-07,BRICE?O,5,5,620000.0,130000.0,3,3,3,0
2024-07,BUCARAMANGA TERMINAL,1541,1528,163960000.0,110000.0,26,4,31,13
2024-07,CRAVO NORTE,423,421,27151000.0,65000.0,3,1,1,2
2024-07,CUBARA,281,276,26521000.0,75000.0,5,1,11,5
2024-07,CUCUTA,1033,1025,103041500.0,105000.0,21,2,18,8
2024-07,CUMARAL,1812,1812,92208000.0,50000.0,13,3,28,0
2024-07,DUITAMA,584,574,35828000.0,62000.0,25,16,18,10
2024-07,EL VENADO,895,893,27850000.0,22000.0,9,6,26,2
2024-07,FORTUL,887,864,82098900.0,100000.0,5,1,30,23
2024-07,GARAGOA,477,473,14074500.0,31000.0,1,1,17,4
2024-07,HATO COROZAL,3025,3015,94653000.0,30000.0,5,1,46,10
2024-07,JENESANO,336,336,4053000.0,10000.0,1,1,17,0
2024-07,LA ESMERALDA,269,262,27632000.0,95000.0,1,1,10,7
2024-07,LA SALINA,14,14,1057000.0,75000.0,2,2,1,0
2024-07,MANI,459,459,9466300.0,22000.0,4,2,3,0
2024-07,MONTERREY,2623,2615,115274000.0,40000.0,12,3,35,8
2024-07,NUNCHIA,559,559,7459000.0,15000.0,1,1,8,0
2024-07,OIBA,11,11,910000.0,85000.0,1,1,2,0
2024-07,OROCUE,1117,1098,50376000.0,45000.0,2,1,21,19
2024-07,PAIPA,221,215,6706000.0,10000.0,12,9,15,6
2024-07,PAMPLONA,389,375,38680000.0,100000.0,5,1,14,14
2024-07,PARATEBUENO,558,558,20672000.0,28000.0,6,2,21,0
2024-07,PATRIOTAS TUNJA,483,483,2434500.0,5000.0,5,5,11,0
2024-07,PAZ DE ARIPORO,12254,12230,341217000.0,24000.0,14,6,76,24
2024-07,PIEDECUESTA,152,152,13695000.0,90000.0,3,2,13,0
2024-07,PORE,4680,4676,110919000.0,20000.0,10,7,45,4
2024-07,PUEBLO NUEVO,518,512,51293000.0,100000.0,9,4,12,6
2024-07,PUERTO RONDON,24,23,735000.0,25000.0,1,1,2,1
2024-07,RAMIRIQUI,848,848,7714500.0,9500.0,1,1,7,0
2024-07,SABANALARGA,324,324,11399000.0,40000.0,1,1,7,0
2024-07,SACAMA,133,133,9196000.0,70000.0,1,1,4,0
2024-07,SAN GIL,135,134,8965000.0,60000.0,1,1,9,1
2024-07,SAN LUIS DE GACENO,163,163,3896000.0,25000.0,1,1,7,0
2024-07,SAN LUIS DE PALENQUE,1162,1153,34816000.0,24000.0,1,1,18,9
2024-07,SANTA MARIA,345,344,10335000.0,25000.0,1,1,14,1
2024-07,SARAVENA,3019,2991,303471000.0,110000.0,11,4,34,28
2024-07,SOCORRO,37,37,3358000.0,100000.0,1,1,6,0
2024-07,SOGAMOSO,4868,4803,251987000.0,60000.0,27,14,33,65
2024-07,TAMARA,997,992,22223000.0,24000.0,1,1,12,5
2024-07,TAME,6065,6030,368082000.0,50000.0,26,7,62,35
2024-07,TAURAMENA,1846,1846,40627000.0,22000.0,4,2,9,0
2024-07,TIBANA,475,475,7407000.0,12000.0,1,1,9,0
2024-07,TRINIDAD,2047,2047,65517000.0,27000.0,2,1,20,0
2024-07,TUNJA,4907,4897,121527300.0,10000.0,34,13,53,10
2024-07,VADOREAL,16,16,1210000.0,80000.0,1,1,4,0
2024-07,VILLA DE LEYVA,310,310,3666000.0,12000.0,3,3,3,0
2024-07,VILLANUEVA,6575,6564,303690000.0,42000.0,22,8,43,11
2024-07,VILLAVICENCIO,11464,11437,783500500.0,60000.0,39,6,39,27
2024-07,YOMASA,1225,1194,79324000.0,65000.0,3,2,38,31
2024-07,YOPAL,41194,41014,1639935300.0,26000.0,78,20,138,180
2024-08,AGUAZUL,6489,6478,219019000.0,18000.0,18,9,61,11
2024-08,ARAUCA,13233,13188,1320688001.0,100000.0,55,9,46,45
2024-08,ARAUQUITA,1071,1047,121943000.0,120000.0,5,2,28,24
2024-08,BARRANCA DE UPIA,565,565,21464000.0,35000.0,10,7,22,0
2024-08,BOGOTA COFLONORTE P 27,6212,6162,614377000.0,100000.0,54,16,38,50
2024-08,BOGOTA TERMINAL NORTE,172,171,11687000.0,35000.0,22,13,15,1
2024-08,BOGOTA TERMINAL SALITRE P 30,7760,7703,760582000.0,105000.0,63,13,37,57
2024-08,BRICE?O,1,1,150000.0,150000.0,1,1,1,0
2024-08,BUCARAMANGA TERMINAL,1531,1512,147909000.0,100000.0,29,6,29,19
2024-08,CRAVO NORTE,409,407,26296000.0,65000.0,2,1,2,2
2024-08,CUBARA,228,220,20269000.0,75000.0,8,3,9,8
2024-08,CUCUTA,787,774,76259000.0,90000.0,21,2,19,13
2024-08,CUMARAL,1585,1584,81268000.0,50000.0,10,3,28,1
2024-08,DUITAMA,624,619,33264000.0,65000.0,21,15,19,5
2024-08,EL VENADO,1069,1069,33891000.0,22000.0,8,5,24,0
2024-08,FORTUL,1149,1131,105884000.0,90000.0,8,1,30,18
2024-08,GARAGOA,827,827,23316000.0,26000.0,1,1,22,0
2024-08,HATO COROZAL,2788,2784,86364000.0,30000.0,6,1,43,4
2024-08,JENESANO,371,371,5272000.0,10000.0,1,1,19,0
2024-08,LA ESMERALDA,285,265,28240000.0,90000.0,2,1,9,20
2024-08,LA SALINA,17,17,1407000.0,83000.0,3,2,2,0
2024-08,MANI,517,517,12143200.0,22000.0,4,3,8,0
2024-08,MONIQUIRA,2,2,160000.0,80000.0,1,1,1,0
2024-08,MONTERREY,2275,2272,99644000.0,40000.0,9,3,39,3
2024-08,NUNCHIA,619,619,8277000.0,15000.0,1,1,9,0
2024-08,OIBA,4,4,360000.0,90000.0,1,1,1,0
2024-08,OROCUE,1068,1052,47942000.0,45000.0,2,1,21,16
2024-08,PAIPA,375,373,9260000.0,10000.0,11,8,14,2
2024-08,PAMPLONA,63,58,5670000.0,100000.0,3,1,11,5
2024-08,PARATEBUENO,448,448,16835000.0,30000.0,7,2,21,0
2024-08,PATRIOTAS TUNJA,615,615,3080500.0,5000.0,5,5,11,0
2024-08,PAZ DE ARIPORO,12255,12243,336977000.0,24000.0,13,7,69,12
2024-08,PIEDECUESTA,120,118,10313000.0,80000.0,3,2,11,2
2024-08,PORE,4580,4579,110196000.0,20000.0,11,7,41,1
2024-08,PUEBLO NUEVO,435,433,41518000.0,90000.0,9,4,16,2
2024-08,PUERTO RONDON,56,55,1580000.0,25000.0,1,1,2,1
2024-08,RAMIRIQUI,834,834,7477000.0,9500.0,1,1,6,0
2024-08,SABANALARGA,314,314,10979000.0,40000.0,1,1,7,0
2024-08,SACAMA,147,147,9947000.0,70000.0,3,1,3,0
2024-08,SAN GIL,112,112,6346000.0,52500.0,1,1,8,0
2024-08,SAN LUIS DE GACENO,148,148,4031000.0,25000.0,1,1,8,0
2024-08,SAN LUIS DE PALENQUE,1271,1269,35995000.0,24000.0,1,1,16,2
2024-08,SANTA MARIA,989,985,29923000.0,26000.0,1,1,18,4
2024-08,SARAVENA,2930,2892,283850000.0,90000.0,14,4,37,38
2024-08,SOCORRO,38,37,3095000.0,95000.0,1,1,3,1
2024-08,SOGAMOSO,4306,4286,201016000.0,60000.0,32,15,34,20
2024-08,TAMARA,958,952,21309000.0,24000.0,1,1,11,6
2024-08,TAME,5731,5704,347895000.0,50000.0,17,7,61,27
2024-08,TAURAMENA,1839,1838,40781000.0,22000.0,4,1,11,1
2024-08,TIBANA,508,506,7807000.0,12000.0,1,1,11,2
2024-08,TRINIDAD,1884,1884,59314000.0,27000.0,2,1,25,0
2024-08,TUNJA,6651,6644,154225100.0,11000.0,29,11,54,7
2024-08,VADOREAL,13,13,825000.0,80000.0,1,1,6,0
2024-08,VILLA DE LEYVA,254,254,3035000.0,12000.0,3,3,3,0
2024-08,VILLANUEVA,6765,6752,305273000.0,42000.0,16,8,42,13
2024-08,VILLAVICENCIO,9797,9767,644511000.0,60000.0,38,6,35,30
2024-08,YOMASA,1519,1507,91502000.0,60000.0,4,2,35,12
2024-08,YOPAL,40680,40499,1567297700.0,26000.0,80,20,146,181
2024-09,AGUAZUL,5968,5962,202798000.0,18000.0,17,9,68,6
2024-09,ARAUCA,10240,10161,1025578000.0,100000.0,37,8,48,79
2024-09,ARAUQUITA,831,818,95642000.0,120000.0,3,2,19,13
2024-09,BARRANCA DE UPIA,499,498,20216000.0,35000.0,8,6,22,1
2024-09,BOGOTA COFLONORTE P 27,6288,6253,633928000.0,110000.0,53,16,34,35
2024-09,BOGOTA TERMINAL NORTE,83,83,8225000.0,110000.0,16,12,15,0
2024-09,BOGOTA TERMINAL SALITRE P 30,7251,7212,723418000.0,110000.0,57,14,37,39
2024-09,BRICE?O,9,9,835000.0,85000.0,3,3,4,0
2024-09,BUCARAMANGA TERMINAL,1300,1247,124573000.0,100000.0,25,6,28,53
2024-09,CRAVO NORTE,414,414,26864000.0,65000.0,1,1,1,0
2024-09,CUBARA,173,171,14891000.0,75000.0,4,2,7,2
2024-09,CUCUTA,701,690,65373000.0,90000.0,19,2,20,11
2024-09,CUMARAL,1609,1607,85060000.0,50000.0,8,3,27,2
2024-09,DUITAMA,684,676,35528000.0,60000.0,19,15,22,8
2024-09,EL VENADO,788,788,26099000.0,22000.0,7,5,23,0
2024-09,FORTUL,729,711,65643000.0,95000.0,7,1,25,18
2024-09,GARAGOA,686,686,20165000.0,31000.0,1,1,21,0
2024-09,HATO COROZAL,2586,2585,81727000.0,30000.0,3,1,42,1
2024-09,JENESANO,378,378,5122000.0,10000.0,1,1,16,0
2024-09,LA ESMERALDA,232,226,23507000.0,90000.0,1,1,12,6
2024-09,LA SALINA,36,36,2996000.0,91000.0,1,1,2,0
2024-09,MANI,451,451,9818900.0,22000.0,4,2,5,0
2024-09,MONIQUIRA,1,0,80000.0,80000.0,1,1,1,1
2024-09,MONTERREY,2226,2223,95601000.0,40000.0,9,3,37,3
2024-09,NUNCHIA,581,577,7685000.0,15000.0,1,1,9,4
2024-09,OIBA,8,6,680000.0,90000.0,1,1,2,2
2024-09,OROCUE,946,941,43320000.0,45000.0,2,1,25,5
2024-09,PAIPA,327,325,8683000.0,10000.0,10,7,15,2
2024-09,PARATEBUENO,420,420,15551000.0,28000.0,6,2,21,0
2024-09,PATRIOTAS TUNJA,504,504,2529500.0,5000.0,5,5,11,0
2024-09,PAZ DE ARIPORO,10626,10619,287078000.0,24000.0,13,7,69,7
2024-09,PIEDECUESTA,101,100,8733000.0,100000.0,3,2,8,1
2024-09,PORE,4035,4033,91039000.0,20000.0,9,6,44,2
2024-09,PUEBLO NUEVO,340,340,32233000.0,90000.0,7,3,13,0
2024-09,PUERTO RONDON,33,33,1050000.0,25000.0,1,1,2,0
2024-09,RAMIRIQUI,662,662,5855000.0,9500.0,1,1,5,0
2024-09,SABANALARGA,230,230,7768000.0,40000.0,1,1,6,0
2024-09,SACAMA,124,124,8560000.0,72000.0,1,1,5,0
2024-09,SAN GIL,128,128,7971000.0,55000.0,1,1,9,0
2024-09,SAN LUIS DE GACENO,365,365,11669000.0,25000.0,1,1,16,0
2024-09,SAN LUIS DE PALENQUE,1088,1085,29514000.0,24000.0,1,1,13,3
2024-09,SANTA MARIA,477,477,14108000.0,25000.0,1,1,20,0
2024-09,SARAVENA,2283,2234,223521000.0,110000.0,12,4,35,49
2024-09,SOCORRO,28,28,2075000.0,80000.0,1,1,5,0
2024-09,SOGAMOSO,3953,3929,181628001.0,50000.0,25,12,40,24
2024-09,TAMARA,815,811,17954000.0,24000.0,1,1,9,4
2024-09,TAME,4349,4330,267765000.0,50000.0,14,8,49,19
2024-09,TAURAMENA,1687,1687,37863000.0,22000.0,2,1,9,0
2024-09,TIBANA,460,460,7652000.0,12000.0,1,1,11,0
2024-09,TRINIDAD,1799,1794,54427000.0,27000.0,1,1,20,5
2024-09,TUNJA,5870,5865,147919500.0,11000.0,38,11,59,5
2024-09,VADOREAL,3,3,260000.0,80000.0,1,1,2,0
2024-09,VILLA DE LEYVA,178,178,2108000.0,12000.0,3,2,3,0
2024-09,VILLANUEVA,6089,6069,263515000.0,42000.0,17,8,55,20
2024-09,VILLAVICENCIO,8486,8469,596476900.0,65000.0,35,6,39,17
2024-09,YOMASA,1351,1344,79426500.0,50000.0,3,2,34,7
2024-09,YOPAL,36001,35887,1365823600.0,26000.0,72,21,136,114
2024-10,AGUAZUL,7721,7711,285027500.0,40000.0,31,9,70,10
2024-10,ARAUCA,11898,11877,1168934000.0,100000.0,47,8,49,21
2024-10,ARAUQUITA,1226,1216,132620000.0,100000.0,6,2,23,10
2024-10,BARBOSA ANGELES,7,7,252000.0,30000.0,2,2,4,0
2024-10,BARRANCA DE UPIA,565,565,22818000.0,35000.0,11,8,19,0
2024-10,BOGOTA COFLONORTE P 27,7923,7915,805678000.0,110000.0,55,17,37,8
2024-10,BOGOTA TERMINAL NORTE,269,269,19438000.0,80000.0,28,18,18,0
2024-10,BOGOTA TERMINAL SALITRE P 30,8490,8484,836420000.0,100000.0,74,14,40,6
2024-10,BRICE?O,35,35,3045000.0,85000.0,12,9,6,0
2024-10,BUCARAMANGA TERMINAL,1822,1814,183666000.0,100000.0,31,5,28,8
2024-10,CRAVO NORTE,479,478,31059000.0,65000.0,1,1,2,1
2024-10,CUBARA,300,300,23017000.0,70000.0,5,2,7,0
2024-10,CUCUTA,957,953,93600000.0,90000.0,29,2,21,4
2024-10,CUMARAL,1970,1970,105190000.0,50000.0,11,2,27,0
2024-10,DUITAMA,701,693,35409000.0,55000.0,21,14,22,8
2024-10,EL VENADO,987,987,31814000.0,22000.0,7,5,26,0
2024-10,FORTUL,1084,1079,99228000.0,100000.0,9,1,33,5
2024-10,GARAGOA,930,930,28878000.0,31000.0,1,1,22,0
2024-10,HATO COROZAL,3055,3053,105467000.0,33000.0,5,1,47,2
2024-10,JENESANO,404,404,6239000.0,10000.0,1,1,20,0
2024-10,LA ESMERALDA,288,288,28957000.0,90000.0,1,1,12,0
2024-10,LA SALINA,47,47,3967000.0,91000.0,1,1,2,0
2024-10,MANI,592,592,12455400.0,22000.0,4,3,5,0
2024-10,MONTERREY,2593,2591,110247000.0,40000.0,14,3,41,2
2024-10,NUNCHIA,811,811,11481100.0,15000.0,1,1,9,0
2024-10,OIBA,10,10,845000.0,90000.0,1,1,2,0
2024-10,OROCUE,1190,1188,55448000.0,45000.0,1,1,22,2
2024-10,PAIPA,331,328,10558000.0,10000.0,10,7,15,3
2024-10,PAMPLONA,1,1,100000.0,100000.0,1,1,1,0
2024-10,PARATEBUENO,501,501,19768000.0,35000.0,7,2,22,0
2024-10,PATRIOTAS TUNJA,516,516,2974400.0,6000.0,5,4,11,0
2024-10,PAZ DE ARIPORO,12495,12493,360201000.0,24000.0,16,8,72,2
2024-10,PIEDECUESTA,177,176,12317000.0,70000.0,2,2,13,1
2024-10,PORE,4438,4438,108189000.0,20000.0,12,7,50,0
2024-10,PUEBLO NUEVO,399,399,37358000.0,90000.0,7,2,17,0
2024-10,PUERTO RONDON,11,11,359000.0,25000.0,1,1,2,0
2024-10,RAMIRIQUI,844,844,7546000.0,9500.0,1,1,5,0
2024-10,SABANALARGA,292,292,10041000.0,40000.0,1,1,7,0
2024-10,SACAMA,174,174,11660000.0,70000.0,2,1,7,0
2024-10,SAN GIL,260,260,12783000.0,50000.0,1,1,10,0
2024-10,SAN LUIS DE GACENO,429,427,14936000.0,35000.0,2,1,22,2
2024-10,SAN LUIS DE PALENQUE,1293,1293,38805000.0,24000.0,2,1,13,0
2024-10,SANTA MARIA,597,597,17656000.0,24000.0,1,1,23,0
2024-10,SARAVENA,3204,3193,310511000.0,100000.0,19,4,38,11
2024-10,SOCORRO,75,75,4864000.0,70000.0,3,1,8,0
2024-10,SOGAMOSO,5409,5393,258841501.0,50000.0,35,14,41,16
2024-10,TAMARA,832,830,18758000.0,24000.0,1,1,11,2
2024-10,TAME,6006,6004,377039000.0,50000.0,21,7,55,2
2024-10,TAURAMENA,1964,1964,43718000.0,22000.0,3,1,10,0
2024-10,TIBANA,534,534,8836008.0,12000.0,1,1,16,0
2024-10,TRINIDAD,2139,2139,68968000.0,27000.0,4,1,28,0
2024-10,TUNJA,6646,6640,178200900.0,11000.0,39,12,60,6
2024-10,VADOREAL,42,42,1734000.0,40000.0,1,1,8,0
2024-10,VILLA DE LEYVA,184,184,2200000.0,12000.0,3,3,2,0
2024-10,VILLANUEVA,7520,7517,323266000.0,42000.0,18,8,56,3
2024-10,VILLAVICENCIO,10247,10247,710313000.0,62000.0,43,6,38,0
2024-10,YOMASA,1807,1807,105506500.0,50000.0,2,2,30,0
2024-10,YOPAL,44565,44544,1724906609.0,26000.0,72,22,146,21
2024-11,AGUAZUL,7119,7092,275575500.0,40000.0,31,9,71,27
2024-11,ARAUCA,10592,10588,1044065000.0,100000.0,51,8,47,4
2024-11,ARAUQUITA,1015,1012,114546000.0,120000.0,2,2,25,3
2024-11,BARBOSA ANGELES,22,22,809000.0,37500.0,2,2,6,0
2024-11,BARRANCA DE UPIA,442,442,19105000.0,35000.0,11,6,19,0
2024-11,BOGOTA COFLONORTE P 27,8256,8256,826361000.0,110000.0,49,16,36,0
2024-11,BOGOTA TERMINAL NORTE,522,515,40472500.0,85000.0,32,18,20,7
2024-11,BOGOTA TERMINAL SALITRE P 30,8766,8766,888706501.0,110000.0,60,14,39,0
2024-11,BRICE?O,74,74,7622000.0,110000.0,14,10,11,0
2024-11,BUCARAMANGA TERMINAL,2120,2119,202916000.0,100000.0,32,4,33,1
2024-11,CRAVO NORTE,445,445,28725000.0,65000.0,1,1,2,0
2024-11,CUBARA,301,301,22271000.0,70000.0,4,2,6,0
2024-11,CUCUTA,997,997,97024000.0,90000.0,17,2,16,0
2024-11,CUMARAL,1704,1701,91715000.0,50000.0,10,3,28,3
2024-11,DUITAMA,905,904,43879000.0,55000.0,20,13,23,1
2024-11,EL VENADO,959,959,31270008.0,22000.0,8,6,27,0
2024-11,FORTUL,907,907,81057000.0,90000.0,6,1,21,0
2024-11,GARAGOA,885,885,27560000.0,31000.0,1,1,27,0
2024-11,HATO COROZAL,3078,3078,117918000.0,33000.0,3,1,42,0
2024-11,JENESANO,348,348,5382000.0,10000.0,2,1,19,0
2024-11,LA ESMERALDA,281,281,27566000.0,90000.0,1,1,11,0
2024-11,LA SALINA,2,2,150000.0,75000.0,1,1,1,0
2024-11,MANI,423,423,8713400.0,22000.0,4,2,4,0
2024-11,MONIQUIRA,7,7,56000.0,5000.0,2,2,2,0
2024-11,MONTERREY,2265,2265,95547000.0,40000.0,8,3,40,0
2024-11,NUNCHIA,627,627,8507000.0,15000.0,1,1,6,0
2024-11,OIBA,9,9,504000.0,42000.0,1,1,4,0
2024-11,OROCUE,1030,1013,47634000.0,45000.0,2,1,21,17
2024-11,PAIPA,452,452,13579000.0,10000.0,10,7,19,0
2024-11,PAMPLONA,2,2,170000.0,85000.0,1,1,1,0
2024-11,PARATEBUENO,479,479,18247000.0,28000.0,5,1,26,0
2024-11,PATRIOTAS TUNJA,518,518,3029700.0,6000.0,4,3,11,0
2024-11,PAZ DE ARIPORO,10748,10748,295903000.0,24000.0,10,7,64,0
2024-11,PIEDECUESTA,254,253,17703000.0,70000.0,2,2,14,1
2024-11,PORE,4237,4237,101887000.0,20000.0,10,6,44,0
2024-11,PUEBLO NUEVO,485,485,45766000.0,90000.0,8,3,15,0
2024-11,PUERTO RONDON,9,9,450000.0,70000.0,1,1,2,0
2024-11,RAMIRIQUI,851,851,7620000.0,9500.0,1,1,5,0
2024-11,SABANALARGA,298,298,10905000.0,40000.0,2,1,5,0
2024-11,SACAMA,138,138,9518000.0,70000.0,1,1,3,0
2024-11,SAN GIL,381,381,16354000.0,25000.0,1,1,11,0
2024-11,SAN LUIS DE GACENO,467,467,16040000.0,30000.0,3,1,22,0
2024-11,SAN LUIS DE PALENQUE,998,998,29083000.0,24000.0,1,1,14,0
2024-11,SANTA MARIA,565,565,16798000.0,28000.0,1,1,24,0
2024-11,SARAVENA,2873,2860,279435000.0,100000.0,12,4,43,13
2024-11,SOCORRO,96,96,6342000.0,70000.0,1,1,7,0
2024-11,SOGAMOSO,5020,5015,229101002.0,50000.0,27,14,48,5
2024-11,TAMARA,1068,1068,24197000.0,24000.0,1,1,10,0
2024-11,TAME,5725,5723,342965000.0,50000.0,19,7,65,2
2024-11,TAURAMENA,1568,1567,34395000.0,22000.0,2,1,11,1
2024-11,TIBANA,538,538,8482000.0,12000.0,1,1,13,0
2024-11,TRINIDAD,2052,2052,64104000.0,27000.0,1,1,27,0
2024-11,TUNJA,7341,7337,216054000.0,11000.0,41,15,57,4
2024-11,VADOREAL,37,37,1782000.0,40000.0,1,1,8,0
2024-11,VILLA DE LEYVA,263,261,3234000.0,12000.0,3,2,4,2
2024-11,VILLANUEVA,6306,6306,285159000.0,42000.0,15,7,59,0
2024-11,VILLAVICENCIO,9918,9917,691546000.0,60000.0,37,5,37,1
2024-11,YOMASA,1857,1854,105450500.0,50000.0,2,2,32,3
2024-11,YOPAL,40201,40185,1593560905.0,27000.0,71,22,150,16
2024-12,AGUAZUL,8316,8314,392572300.0,50000.0,32,9,76,2
2024-12,ARAUCA,12621,12616,1423831000.0,110000.0,49,9,55,5
2024-12,ARAUQUITA,1532,1528,191780000.0,120000.0,6,2,31,4
2024-12,BARBOSA ANGELES,25,25,1119000.0,45000.0,5,4,9,0
2024-12,BARRANCA DE UPIA,438,438,20207000.0,35000.0,7,4,23,0
2024-12,BOGOTA COFLONORTE P 27,12810,12806,1736162800.0,150000.0,57,16,35,4
2024-12,BOGOTA TERMINAL NORTE,690,690,75974000.0,127500.0,43,22,22,0
2024-12,BOGOTA TERMINAL SALITRE P 30,12301,12294,1651832080.0,145000.0,78,16,38,7
2024-12,BRICE?O,162,162,22210000.0,150000.0,17,11,10,0
2024-12,BUCARAMANGA TERMINAL,4136,4129,456942000.0,115000.0,39,8,39,7
2024-12,CRAVO NORTE,437,437,29405000.0,70000.0,3,1,1,0
2024-12,CUBARA,383,383,34660000.0,75000.0,4,1,13,0
2024-12,CUCUTA,1783,1781,200393000.0,110000.0,28,2,22,2
2024-12,CUMARAL,1959,1959,123994000.0,50000.0,12,3,30,0
2024-12,DUITAMA,1201,1192,80289000.0,61000.0,29,16,28,9
2024-12,EL VENADO,894,894,36960000.0,22000.0,8,5,27,0
2024-12,FORTUL,1272,1263,133197000.0,108000.0,8,1,29,9
2024-12,GARAGOA,1099,1099,35300000.0,31000.0,2,1,26,0
2024-12,HATO COROZAL,3004,3004,134169000.0,35000.0,7,1,47,0
2024-12,JENESANO,405,405,7279000.0,10000.0,1,1,18,0
2024-12,LA ESMERALDA,566,562,60120000.0,100000.0,1,1,17,4
2024-12,LA SALINA,1,1,75000.0,75000.0,1,1,1,0
2024-12,MANI,494,494,11568000.0,25000.0,4,3,6,0
2024-12,MONIQUIRA,8,8,600000.0,80000.0,3,3,2,0
2024-12,MONTERREY,2164,2162,107924000.0,40000.0,10,4,46,2
2024-12,NUNCHIA,652,652,10281000.0,18000.0,1,1,8,0
2024-12,OIBA,48,48,4090000.0,90000.0,1,1,7,0
2024-12,OROCUE,1328,1328,67111000.0,50000.0,1,1,25,0
2024-12,PAIPA,478,476,21485000.0,10000.0,11,7,25,2
2024-12,PARATEBUENO,535,535,28366000.0,50000.0,5,2,33,0
2024-12,PATRIOTAS TUNJA,405,405,2309000.0,6000.0,3,3,10,0
2024-12,PAZ DE ARIPORO,12810,12808,389132000.0,26000.0,17,8,79,2
2024-12,PIEDECUESTA,315,314,25880000.0,85000.0,3,2,15,1
2024-12,PIPIRAL,132,132,4620000.0,30000.0,2,2,8,0
2024-12,PORE,4719,4719,123867000.0,22000.0,12,7,52,0
2024-12,PUEBLO NUEVO,536,536,59099000.0,120000.0,2,1,21,0
2024-12,PUERTO RONDON,11,11,407000.0,25000.0,1,1,2,0
2024-12,RAMIRIQUI,617,617,5608008.0,9500.0,1,1,3,0
2024-12,SABANALARGA,303,303,11430000.0,45000.0,1,1,6,0
2024-12,SACAMA,133,133,10016000.0,70000.0,1,1,6,0
2024-12,SAN GIL,474,473,24775000.0,30000.0,2,1,16,1
2024-12,SAN LUIS DE GACENO,426,426,15023000.0,30000.0,2,1,24,0
2024-12,SAN LUIS DE PALENQUE,1210,1210,39378000.0,25000.0,1,1,19,0
2024-12,SANTA MARIA,684,684,20332000.0,28000.0,2,1,24,0
2024-12,SARAVENA,4204,4189,437572000.0,100000.0,19,4,42,15
2024-12,SOCORRO,120,120,8446000.0,80000.0,1,1,9,0
2024-12,SOGAMOSO,6467,6453,345980002.0,55000.0,37,15,44,14
2024-12,TAMARA,1276,1276,30678000.0,26000.0,1,1,11,0
2024-12,TAME,6719,6718,465157500.0,55000.0,22,8,62,1
2024-12,TAURAMENA,1889,1889,43815000.0,24000.0,4,1,9,0
2024-12,TIBANA,567,567,9425000.0,12000.0,1,1,17,0
2024-12,TRINIDAD,2373,2373,81542000.0,27000.0,1,1,28,0
2024-12,TUNJA,7681,7675,307600500.0,12000.0,60,16,64,6
2024-12,VADOREAL,67,66,3940000.0,45000.0,1,1,9,1
2024-12,VILLA DE LEYVA,158,158,2013500.0,12000.0,3,3,4,0
2024-12,VILLANUEVA,7744,7741,404410700.0,45000.0,21,6,61,3
2024-12,VILLAVICENCIO,14219,14214,1242093501.0,70000.0,55,8,48,5
2024-12,YOMASA,1325,1323,95010000.0,65000.0,3,2,28,2
2024-12,YOPAL,48906,48886,2224996311.0,29000.0,90,22,162,20
2025-01,AGUAZUL,6880,6873,321132001.0,50000.0,41,9,77,7
2025-01,ARAUCA,17786,17780,2282790008.0,130000.0,62,10,55,6
2025-01,ARAUQUITA,1837,1831,236099000.0,135000.0,7,2,32,6
2025-01,BARBOSA ANGELES,29,29,1239000.0,35000.0,3,3,11,0
2025-01,BARRANCA DE UPIA,170,170,7989000.0,35000.0,7,5,22,0
2025-01,BOGOTA COFLONORTE P 27,7916,7906,880451000.0,130000.0,54,16,36,10
2025-01,BOGOTA TERMINAL NORTE,737,730,89987000.0,130000.0,45,22,21,7
2025-01,BOGOTA TERMINAL SALITRE P 30,9187,9181,1004681000.0,120000.0,60,13,40,6
2025-01,BRICE?O,261,261,31539000.0,130000.0,21,13,14,0
2025-01,BUCARAMANGA TERMINAL,4071,4067,475947001.0,120000.0,40,6,33,4
2025-01,CRAVO NORTE,396,396,26900000.0,70000.0,1,1,1,0
2025-01,CUBARA,475,475,47035000.0,90000.0,5,1,15,0
2025-01,CUCUTA,1592,1588,180790000.0,110000.0,25,2,16,4
2025-01,CUMARAL,2720,2720,147525800.02,50000.0,13,2,31,0
2025-01,DUITAMA,972,962,62597500.0,61000.0,25,15,27,10
2025-01,EL VENADO,1088,1088,39546000.0,22000.0,10,6,32,0
2025-01,FORTUL,1341,1339,147444000.0,120000.0,8,1,31,2
2025-01,GARAGOA,1170,1167,40036000.0,34000.0,1,1,25,3
2025-01,HATO COROZAL,2585,2544,139123984.0,36000.0,3,1,44,41
2025-01,JENESANO,414,414,6686000.0,11000.0,1,1,17,0
2025-01,LA ESMERALDA,526,524,59007000.0,100000.0,1,1,22,2
2025-01,LA SALINA,3,3,225000.0,75000.0,1,1,1,0
2025-01,MANI,461,461,10545000.0,25000.0,4,3,4,0
2025-01,MONIQUIRA,13,13,855000.0,85000.0,2,2,4,0
2025-01,MONTERREY,2555,2555,119024000.0,40000.0,9,3,42,0
2025-01,NUNCHIA,550,550,8744000.0,18000.0,1,1,8,0
2025-01,OIBA,39,39,3450000.0,100000.0,1,1,6,0
2025-01,OROCUE,1189,1185,60845000.0,50000.0,1,1,19,4
2025-01,PAIPA,444,437,19193000.0,39000.0,12,9,27,7
2025-01,PARATEBUENO,760,760,31560000.0,34000.0,6,2,23,0
2025-01,PATRIOTAS TUNJA,260,260,1547200.0,6000.0,3,3,9,0
2025-01,PAZ DE ARIPORO,12275,12273,401385000.0,26000.0,17,7,73,2
2025-01,PIEDECUESTA,350,350,32530000.0,100000.0,3,2,16,0
2025-01,PIPIRAL,941,941,32055000.0,30000.0,6,4,15,0
2025-01,PORE,4164,4164,113343000.0,22000.0,12,7,45,0
2025-01,PUEBLO NUEVO,673,673,74885000.0,125000.0,2,1,20,0
2025-01,PUERTO RONDON,18,18,540000.0,25000.0,1,1,2,0
2025-01,RAMIRIQUI,672,672,6338000.0,10000.0,1,1,3,0
2025-01,SABANALARGA,267,267,10230000.0,45000.0,1,1,6,0
2025-01,SACAMA,159,159,11348000.0,70000.0,1,1,3,0
2025-01,SAN GIL,503,502,32037000.0,60000.0,1,1,14,1
2025-01,SAN LUIS DE GACENO,532,532,19101000.0,30000.0,4,1,24,0
2025-01,SAN LUIS DE PALENQUE,1109,1106,38001000.0,26000.0,1,1,16,3
2025-01,SANTA MARIA,857,857,27032000.0,34000.0,1,1,28,0
2025-01,SARAVENA,4878,4864,540517000.0,115000.0,21,4,40,14
2025-01,SOCORRO,133,133,11058000.0,90000.0,2,1,10,0
2025-01,SOGAMOSO,3434,3424,171768501.0,50000.0,30,16,49,10
2025-01,TAMARA,1178,1178,29083000.0,26000.0,1,1,10,0
2025-01,TAME,6764,6753,507282000.0,60000.0,20,8,65,11
2025-01,TAURAMENA,1490,1490,34762000.0,24000.0,5,2,7,0
2025-01,TIBANA,587,587,11006000.0,13000.0,1,1,16,0
2025-01,TRINIDAD,2354,2353,91302000.0,29000.0,3,1,26,1
2025-01,TUNJA,6266,6264,219872300.0,13000.0,40,13,56,2
2025-01,VADOREAL,56,56,3944999.0,80000.0,2,1,6,0
2025-01,VILLA DE LEYVA,156,156,1966500.0,13000.0,3,2,3,0
2025-01,VILLANUEVA,8083,8083,396373001.0,44000.0,18,5,58,0
2025-01,VILLAVICENCIO,12690,12644,933890000.0,70000.0,44,7,48,46
2025-01,YOMASA,1466,1465,105844000.0,70000.0,2,2,31,1
2025-01,YOPAL,36896,36880,1603046001.0,26000.0,72,21,149,16
2025-02,AGUAZUL,5451,5451,220261000.0,40000.0,33,8,74,0
2025-02,ARAUCA,10130,10128,1142305000.0,110000.0,40,10,45,2
2025-02,ARAUQUITA,842,841,99615000.0,130000.0,4,2,21,1
2025-02,BARBOSA ANGELES,33,33,1660000.0,33000.0,4,2,11,0
2025-02,BARRANCA DE UPIA,28,28,1315000.0,35000.0,4,3,8,0
2025-02,BOGOTA COFLONORTE P 27,4980,4979,530700000.0,120000.0,42,16,35,1
2025-02,BOGOTA TERMINAL NORTE,589,589,66282400.0,120000.0,36,23,18,0
2025-02,BOGOTA TERMINAL SALITRE P 30,6546,6539,673598000.0,110000.0,49,13,36,7
2025-02,BRICE?O,127,126,14679000.0,110000.0,18,12,13,1
2025-02,BUCARAMANGA TERMINAL,1734,1730,171527001.0,110000.0,22,6,30,4
2025-02,CRAVO NORTE,332,332,21710000.0,70000.0,1,1,1,0
2025-02,CUBARA,349,348,30937000.0,80000.0,4,1,11,1
2025-02,CUCUTA,582,580,63205000.0,100000.0,12,2,17,2
2025-02,CUMARAL,1981,1981,86780000.0,40000.0,10,3,33,0
2025-02,DUITAMA,682,678,35218000.0,58000.0,19,15,24,4
2025-02,EL VENADO,729,729,25645000.0,24000.0,7,5,22,0
2025-02,FORTUL,688,688,67028000.0,100000.0,7,1,23,0
2025-02,GARAGOA,1089,1089,35121000.0,34000.0,1,1,37,0
2025-02,HATO COROZAL,2075,2072,76290000.0,35000.0,8,1,44,3
2025-02,JENESANO,335,335,4939000.0,11000.0,1,1,18,0
2025-02,LA ESMERALDA,253,251,26080000.0,100000.0,1,1,14,2
2025-02,LA SALINA,10,10,760000.0,75000.0,1,1,1,0
2025-02,MANI,321,321,7386000.0,25000.0,7,4,3,0
2025-02,MONIQUIRA,20,20,855000.0,30000.0,4,3,8,0
2025-02,MONTERREY,1708,1708,75905000.0,40000.0,8,2,38,0
2025-02,NUNCHIA,450,443,6945000.0,18000.0,1,1,8,7
2025-02,OIBA,13,13,985000.0,90000.0,1,1,6,0
2025-02,OROCUE,1288,1286,67161000.0,50000.0,1,1,17,2
2025-02,PAIPA,384,384,12579000.0,11000.0,9,7,22,0
2025-02,PAMPLONA,2,2,235000.0,117500.0,1,1,2,0
2025-02,PARATEBUENO,789,789,26620000.0,30000.0,3,1,24,0
2025-02,PATRIOTAS TUNJA,373,373,2369900.0,7500.0,3,2,9,0
2025-02,PAZ DE ARIPORO,9557,9557,278686000.0,26000.0,12,7,67,0
2025-02,PIEDECUESTA,199,199,11558000.0,40000.0,4,3,14,0
2025-02,PIPIRAL,572,572,20273000.0,30000.0,7,4,18,0
2025-02,PORE,3530,3530,89503000.0,22000.0,10,7,47,0
2025-02,PUEBLO NUEVO,351,351,37655000.0,100000.0,4,2,16,0
2025-02,PUERTO RONDON,19,19,565000.0,25000.0,1,1,2,0
2025-02,RAMIRIQUI,607,607,5833000.0,10000.0,1,1,3,0
2025-02,SABANALARGA,162,162,6230000.0,45000.0,1,1,6,0
2025-02,SACAMA,94,94,6662000.0,70000.0,1,1,3,0
2025-02,SAN GIL,228,228,10403000.0,30000.0,1,1,12,0
2025-02,SAN LUIS DE GACENO,290,289,11567000.0,45000.0,4,1,22,1
2025-02,SAN LUIS DE PALENQUE,881,881,26925000.0,26000.0,2,1,17,0
2025-02,SANTA MARIA,615,615,19705000.0,26000.0,1,1,23,0
2025-02,SARAVENA,2576,2569,263173000.0,100000.0,10,4,39,7
2025-02,SOCORRO,77,77,4405000.0,55000.0,1,1,12,0
2025-02,SOGAMOSO,2271,2268,105121001.0,50000.0,25,15,42,3
2025-02,TAMARA,765,765,18672000.0,26000.0,1,1,10,0
2025-02,TAME,4966,4966,323775000.0,55000.0,15,8,62,0
2025-02,TAURAMENA,1413,1413,32749000.0,24000.0,3,1,6,0
2025-02,TIBANA,478,478,8317000.0,13000.0,1,1,15,0
2025-02,TRINIDAD,1770,1770,57941000.0,29000.0,1,1,23,0
2025-02,TUNJA,5728,5725,162146400.0,12000.0,38,11,57,3
2025-02,VADOREAL,28,28,1685000.0,75000.0,1,1,6,0
2025-02,VILLA DE LEYVA,201,201,2603000.0,13000.0,2,2,2,0
2025-02,VILLANUEVA,6371,6370,296449000.0,42000.0,14,4,63,1
2025-02,VILLAVICENCIO,9029,9026,629610001.0,65000.0,39,7,44,3
2025-02,YOMASA,1149,1148,71258000.0,50000.0,3,2,29,1
2025-02,YOPAL,31839,31832,1288838000.0,26000.0,58,21,140,7
2025-02,YOPALOSA,1,1,80000.0,80000.0,1,1,1,0
2025-03,AGUAZUL,5799,5789,233032000.0,40000.0,25,9,73,10
2025-03,ARAUCA,9753,9752,1048967000.0,110000.0,45,9,47,1
2025-03,ARAUQUITA,939,935,108928000.0,120000.0,4,2,28,4
2025-03,BARBOSA ANGELES,37,37,1509000.0,33000.0,3,3,11,0
2025-03,BARRANCA DE UPIA,16,16,604000.0,35000.0,5,4,4,0
2025-03,BOGOTA COFLONORTE P 27,5427,5423,570729000.0,120000.0,43,16,32,4
2025-03,BOGOTA TERMINAL NORTE,1074,1074,113457000.0,90000.0,46,25,23,0
2025-03,BOGOTA TERMINAL SALITRE P 30,6824,6824,691282000.0,110000.0,48,12,35,0
2025-03,BRICE?O,228,228,24705000.0,90000.0,21,13,15,0
2025-03,BUCARAMANGA TERMINAL,2109,2108,199793003.0,100000.0,31,7,31,1
2025-03,CRAVO NORTE,402,402,26720000.0,70000.0,1,1,1,0
2025-03,CUBARA,259,258,25081000.0,120000.0,5,1,8,1
2025-03,CUCUTA,696,692,71685000.0,100000.0,12,2,20,4
2025-03,CUMARAL,2208,2208,97643000.0,40000.0,11,5,37,0
2025-03,DUITAMA,823,822,46123500.0,61000.0,21,13,23,1
2025-03,EL VENADO,882,882,30376000.0,24000.0,9,5,22,0
2025-03,FORTUL,675,675,66073000.0,100000.0,5,1,24,0
2025-03,GARAGOA,1253,1253,40606000.0,34000.0,1,1,38,0
2025-03,HATO COROZAL,2338,2338,87282000.0,35000.0,6,1,43,0
2025-03,JENESANO,353,353,5609000.0,11000.0,1,1,13,0
2025-03,LA ESMERALDA,255,255,26995000.0,100000.0,1,1,17,0
2025-03,LA SALINA,7,7,515000.0,75000.0,1,1,2,0
2025-03,MANI,358,358,8239000.0,25000.0,3,3,3,0
2025-03,MONIQUIRA,19,19,910000.0,40000.0,2,2,5,0
2025-03,MONTERREY,1650,1650,74820000.0,40000.0,7,4,38,0
2025-03,NUNCHIA,514,514,7803000.0,18000.0,1,1,8,0
2025-03,OIBA,34,34,1820000.0,45000.0,1,1,7,0
2025-03,OROCUE,927,922,45318000.0,50000.0,2,1,25,5
2025-03,PAIPA,451,451,15793000.0,25000.0,11,8,21,0
2025-03,PAMPLONA,75,75,6600000.0,90000.0,1,1,12,0
2025-03,PARATEBUENO,387,387,13908000.0,30000.0,4,3,20,0
2025-03,PATRIOTAS TUNJA,424,424,2719800.0,6500.0,4,3,9,0
2025-03,PAZ DE ARIPORO,10046,10046,283407000.0,26000.0,11,7,75,0
2025-03,PIEDECUESTA,221,221,14872000.0,70000.0,4,3,13,0
2025-03,PIPIRAL,535,535,19387000.0,30000.0,6,3,12,0
2025-03,PORE,3832,3832,93359000.0,22000.0,10,6,41,0
2025-03,PUEBLO NUEVO,599,599,58951000.0,90000.0,8,2,15,0
2025-03,PUERTO RONDON,19,19,610000.0,25000.0,1,1,2,0
2025-03,RAMIRIQUI,699,699,6688000.0,10000.0,1,1,3,0
2025-03,SABANALARGA,161,161,5725000.0,45000.0,1,1,5,0
2025-03,SACAMA,131,131,9775000.0,75000.0,1,1,3,0
2025-03,SAN GIL,299,299,14468000.0,40000.0,1,1,13,0
2025-03,SAN LUIS DE GACENO,443,441,16120000.0,31000.0,4,1,26,2
2025-03,SAN LUIS DE PALENQUE,917,917,26810000.0,26000.0,1,1,15,0
2025-03,SANTA MARIA,684,684,21899000.0,25500.0,3,1,26,0
2025-03,SARAVENA,2346,2339,237350000.0,100000.0,11,4,40,7
2025-03,SOCORRO,99,99,5788000.0,55000.0,1,1,11,0
2025-03,SOGAMOSO,2627,2623,122006000.0,50000.0,23,15,40,4
2025-03,TAMARA,929,929,22381000.0,26000.0,1,1,12,0
2025-03,TAME,5480,5478,350678000.0,50000.0,13,7,63,2
2025-03,TAURAMENA,1248,1248,29179000.0,24000.0,4,2,6,0
2025-03,TIBANA,596,596,10162508.0,13000.0,1,1,16,0
2025-03,TRINIDAD,1896,1896,59214000.0,29000.0,1,1,24,0
2025-03,TUNJA,6095,6092,187846100.0,12000.0,42,13,58,3
2025-03,VADOREAL,28,28,1570000.0,50000.0,2,2,8,0
2025-03,VILLA DE LEYVA,197,197,2546000.0,13000.0,2,2,3,0
2025-03,VILLANUEVA,6451,6451,307005000.0,42000.0,11,4,58,0
2025-03,VILLAVICENCIO,9850,9849,671312000.0,62000.0,33,7,39,1
2025-03,YOMASA,1301,1301,81745018.0,50000.0,2,2,27,0
2025-03,YOPAL,35387,35376,1404227000.0,26000.0,66,23,142,11
2025-03,YOPALOSA,2444,2444,55277531.0,20000.0,2,2,41,0
2025-04,AGUAZUL,491,491,15590000.0,18000.0,9,6,34,0
2025-04,ARAUCA,956,935,101528000.0,102500.0,10,6,28,21
2025-04,ARAUQUITA,63,63,7353000.0,100000.0,2,2,9,0
2025-04,BOGOTA COFLONORTE P 27,429,425,43515000.0,120000.0,19,11,23,4
2025-04,BOGOTA TERMINAL NORTE,51,51,5248000.0,90000.0,15,12,7,0
2025-04,BOGOTA TERMINAL SALITRE P 30,533,527,54135000.0,110000.0,19,9,20,6
2025-04,BRICE?O,34,33,3965000.0,115000.0,10,7,8,1
2025-04,BUCARAMANGA TERMINAL,108,108,11075000.0,110000.0,7,4,16,0
2025-04,CRAVO NORTE,34,34,2290000.0,70000.0,1,1,1,0
2025-04,CUBARA,7,7,610000.0,80000.0,1,1,4,0
2025-04,CUCUTA,49,45,4955000.0,110000.0,3,2,12,4
2025-04,CUMARAL,163,163,7928000.0,45000.0,5,4,19,0
2025-04,DUITAMA,43,43,2060000.0,4500.0,7,5,11,0
2025-04,EL VENADO,79,79,2430000.0,24000.0,3,3,9,0
2025-04,FORTUL,55,37,5890000.0,110000.0,1,1,12,18
2025-04,GARAGOA,89,89,2883000.0,30000.0,1,1,10,0
2025-04,HATO COROZAL,161,161,5391000.0,35000.0,3,1,19,0
2025-04,JENESANO,23,23,256000.0,11000.0,1,1,3,0
2025-04,LA ESMERALDA,11,11,1265000.0,130000.0,1,1,4,0
2025-04,MANI,30,30,705000.0,25000.0,3,3,2,0
2025-04,MONTERREY,112,112,4913000.0,40000.0,3,3,17,0
2025-04,NUNCHIA,40,40,618000.0,18000.0,1,1,5,0
2025-04,OIBA,3,3,210000.0,70000.0,1,1,1,0
2025-04,OROCUE,90,90,4427000.0,45000.0,1,1,6,0
2025-04,PAIPA,41,41,1124000.0,11000.0,7,4,8,0
2025-04,PAMPLONA,1,0,115000.0,115000.0,1,1,1,1
2025-04,PATRIOTAS TUNJA,28,28,169800.0,6500.0,3,3,7,0
2025-04,PAZ DE ARIPORO,755,755,20523000.0,26000.0,7,6,28,0
2025-04,PIEDECUESTA,19,18,1537000.0,100000.0,2,2,7,1
2025-04,PIPIRAL,23,23,1090000.0,35000.0,4,3,3,0
2025-04,PORE,308,308,7417000.0,22000.0,7,4,14,0
2025-04,PUEBLO NUEVO,84,84,7620000.0,90000.0,3,2,7,0
2025-04,PUERTO RONDON,5,5,170000.0,25000.0,2,2,2,0
2025-04,RAMIRIQUI,51,51,474000.0,10000.0,1,1,3,0
2025-04,SABANALARGA,30,30,1250000.0,45000.0,1,1,4,0
2025-04,SACAMA,19,19,1463000.0,75000.0,1,1,2,0
2025-04,SAN GIL,15,15,610000.0,30000.0,1,1,7,0
2025-04,SAN LUIS DE GACENO,31,31,1228000.0,36000.0,2,1,8,0
2025-04,SAN LUIS DE PALENQUE,73,73,1863000.0,26000.0,1,1,3,0
2025-04,SANTA MARIA,47,47,1565000.0,32000.0,1,1,9,0
2025-04,SARAVENA,221,210,22095000.0,110000.0,5,4,19,11
2025-04,SOCORRO,4,4,280000.0,67500.0,1,1,3,0
2025-04,SOGAMOSO,191,189,8164000.0,50000.0,8,6,18,2
2025-04,TAMARA,57,57,1432000.0,26000.0,1,1,6,0
2025-04,TAME,442,442,27826000.0,50000.0,7,6,34,0
2025-04,TAURAMENA,116,116,2741000.0,24000.0,1,1,2,0
2025-04,TIBANA,36,36,559000.0,13000.0,1,1,1,0
2025-04,TRINIDAD,190,190,5906000.0,28000.0,1,1,12,0
2025-04,TUNJA,431,429,12195500.0,12000.0,20,9,37,2
2025-04,VADOREAL,2,2,150000.0,75000.0,1,1,1,0
2025-04,VILLANUEVA,527,527,24285000.0,42000.0,5,3,29,0
2025-04,VILLAVICENCIO,697,697,49762000.0,65000.0,13,7,28,0
2025-04,YOMASA,49,49,3739000.0,85000.0,3,2,13,0
2025-04,YOPAL,2647,2644,99439500.0,26000.0,31,18,86,3
2025-04,YOPALOSA,397,397,9554008.0,20000.0,2,2,22,0
2025-05,AGUAZUL,2005,2005,77551999.0,35000.0,13,8,56,0
2025-05,ARAUCA,2778,2778,287240000.0,100000.0,20,8,40,0
2025-05,ARAUQUITA,326,326,36342000.0,100000.0,3,2,16,0
2025-05,BARBOSA ANGELES,9,9,336000.0,40000.0,3,3,6,0
2025-05,BARRANCA DE UPIA,47,47,2090000.0,35000.0,4,3,10,0
2025-05,BOGOTA COFLONORTE P 27,1351,1351,134169000.0,110000.0,29,13,24,0
2025-05,BOGOTA TERMINAL NORTE,456,456,46156000.0,90000.0,31,14,20,0
2025-05,BOGOTA TERMINAL SALITRE P 30,2307,2307,226271000.0,100000.0,34,12,31,0
2025-05,BRICE?O,72,72,7880000.0,100000.0,11,8,12,0
2025-05,BUCARAMANGA TERMINAL,626,626,60479000.0,100000.0,20,7,28,0
2025-05,CRAVO NORTE,148,148,9945000.0,70000.0,1,1,1,0
2025-05,CUBARA,63,63,5770000.0,80000.0,4,1,9,0
2025-05,CUCUTA,253,253,25044000.0,95000.0,8,2,16,0
2025-05,CUMARAL,511,511,26672000.0,50000.0,10,4,28,0
2025-05,DUITAMA,188,187,10708500.0,60000.0,18,12,17,1
2025-05,EL VENADO,317,317,9867000.0,24000.0,7,5,12,0
2025-05,FORTUL,227,225,22538000.0,110000.0,4,1,16,2
2025-05,GARAGOA,378,378,12014000.0,34000.0,1,1,23,0
2025-05,HATO COROZAL,803,803,25661000.0,33000.0,2,1,30,0
2025-05,JENESANO,170,170,2529000.0,11000.0,1,1,16,0
2025-05,LA ESMERALDA,76,74,8000000.0,100000.0,2,1,9,2
2025-05,LA SALINA,3,3,225000.0,75000.0,1,1,1,0
2025-05,MANI,193,193,4471000.0,25000.0,3,2,4,0
2025-05,MONIQUIRA,6,5,155000.0,25000.0,2,2,2,1
2025-05,MONTERREY,689,689,28047000.0,40000.0,6,4,32,0
2025-05,NUNCHIA,150,150,2412000.0,18000.0,1,1,5,0
2025-05,OIBA,2,2,130000.0,65000.0,1,1,2,0
2025-05,OROCUE,272,268,14142000.0,50000.0,3,1,13,4
2025-05,PAIPA,171,171,4212000.0,10000.0,8,5,13,0
2025-05,PAMPLONA,46,46,3670000.0,80000.0,1,1,11,0
2025-05,PARATEBUENO,165,165,6764000.0,30000.0,4,3,14,0
2025-05,PATRIOTAS TUNJA,145,145,922400.0,6500.0,3,2,11,0
2025-05,PAZ DE ARIPORO,3148,3148,87885000.0,26000.0,9,8,48,0
2025-05,PIEDECUESTA,58,58,4087000.0,70000.0,3,2,12,0
2025-05,PIPIRAL,130,130,6154000.0,44000.0,4,3,10,0
2025-05,PORE,1292,1292,32955000.0,22000.0,10,7,28,0
2025-05,PUEBLO NUEVO,130,130,12390000.0,90000.0,5,1,6,0
2025-05,PUERTO RONDON,7,7,175000.0,25000.0,1,1,1,0
2025-05,RAMIRIQUI,213,213,2036000.0,10000.0,1,1,4,0
2025-05,SABANALARGA,70,70,2955000.0,50000.0,1,1,5,0
2025-05,SACAMA,49,49,3394000.0,70000.0,1,1,5,0
2025-05,SAN GIL,102,102,4345000.0,30000.0,1,1,10,0
2025-05,SAN LUIS DE GACENO,159,159,6055000.0,34000.0,1,1,15,0
2025-05,SAN LUIS DE PALENQUE,308,308,8940000.0,26000.0,1,1,7,0
2025-05,SANTA MARIA,78,78,2786000.0,35500.0,1,1,15,0
2025-05,SARAVENA,749,748,75920000.0,100000.0,12,4,27,1
2025-05,SOCORRO,34,34,2270000.0,55000.0,1,1,7,0
2025-05,SOGAMOSO,675,675,31963000.0,50000.0,19,14,26,0
2025-05,TAMARA,291,291,7117000.0,26000.0,1,1,10,0
2025-05,TAME,1601,1601,97187008.0,50000.0,11,7,49,0
2025-05,TAURAMENA,468,468,10962000.0,24000.0,2,2,4,0
2025-05,TIBANA,148,148,2530000.0,13000.0,1,1,6,0
2025-05,TRINIDAD,674,674,21085000.0,29000.0,2,1,16,0
2025-05,TUNJA,2001,1988,54658000.0,11000.0,33,14,49,13
2025-05,VADOREAL,2,2,60000.0,30000.0,1,1,2,0
2025-05,VILLA DE LEYVA,55,55,709500.0,13000.0,2,2,2,0
2025-05,VILLANUEVA,1850,1850,88240000.0,42000.0,13,8,41,0
2025-05,VILLAVICENCIO,2839,2838,192461000.0,65000.0,24,6,37,1
2025-05,YOMASA,410,410,24690000.0,50000.0,2,2,17,0
2025-05,YOPAL,12027,12026,471184000.0,26000.0,42,23,121,1
2025-05,YOPALOSA,1768,1768,38982063.0,20000.0,2,2,39,0
2025-06,AGUAZUL,5995,5991,259465000.0,40000.0,38,9,69,4
2025-06,ARAUCA,9432,9428,976192000.0,105000.0,31,9,48,4
2025-06,ARAUQUITA,1089,1089,126523000.0,130000.0,3,2,28,0
2025-06,BARBOSA ANGELES,33,33,1725000.0,40000.0,8,6,8,0
2025-06,BARRANCA DE UPIA,320,320,13005000.0,35000.0,7,4,23,0
2025-06,BOGOTA COFLONORTE P 27,5726,5725,583566000.0,110000.0,45,15,35,1
2025-06,BOGOTA TERMINAL NORTE,1425,1425,147547000.0,90000.0,44,20,25,0
2025-06,BOGOTA TERMINAL SALITRE P 30,7625,7621,760624000.0,110000.0,59,12,37,4
2025-06,BRICE?O,283,283,31007000.0,100000.0,19,10,19,0
2025-06,BUCARAMANGA TERMINAL,2606,2603,256204000.0,110000.0,37,7,32,3
2025-06,CRAVO NORTE,467,464,31570000.0,70000.0,2,1,1,3
2025-06,CUBARA,376,374,35595000.0,120000.0,7,1,13,2
2025-06,CUCUTA,856,855,91050000.0,100000.0,15,2,18,1
2025-06,CUMARAL,1852,1852,89499000.0,50000.0,12,4,33,0
2025-06,DUITAMA,880,877,54885500.0,61000.0,23,15,28,3
2025-06,EL VENADO,942,942,32554000.0,24000.0,11,8,31,0
2025-06,FORTUL,905,898,89279000.0,108000.0,6,1,27,7
2025-06,GARAGOA,1199,1199,39388000.0,34000.0,1,1,30,0
2025-06,HATO COROZAL,2294,2294,89641000.0,35000.0,6,1,43,0
2025-06,JENESANO,453,453,8333000.0,11000.0,1,1,24,0
2025-06,LA ESMERALDA,320,315,35230000.0,100000.0,3,1,15,5
2025-06,LA SALINA,6,6,450000.0,75000.0,1,1,1,0
2025-06,MANI,425,425,9989000.0,25000.0,4,3,4,0
2025-06,MONIQUIRA,17,17,679000.0,40000.0,4,3,7,0
2025-06,MONTERREY,2132,2132,92318000.0,40000.0,9,3,41,0
2025-06,NUNCHIA,558,557,8749000.0,18000.0,1,1,8,1
2025-06,OIBA,21,21,1470000.0,90000.0,1,1,6,0
2025-06,OROCUE,1114,1109,54103000.0,50000.0,1,1,23,5
2025-06,PAIPA,475,472,15449000.0,10000.0,9,7,23,3
2025-06,PAMPLONA,316,315,31965000.0,110000.0,5,1,16,1
2025-06,PARATEBUENO,485,485,19560000.0,30000.0,8,2,24,0
2025-06,PATRIOTAS TUNJA,371,371,2407300.0,7500.0,3,3,9,0
2025-06,PAZ DE ARIPORO,10208,10205,299277800.0,26000.0,13,7,67,3
2025-06,PIEDECUESTA,278,278,22829000.0,80000.0,4,3,15,0
2025-06,PIPIRAL,579,579,23336000.0,40000.0,9,5,10,0
2025-06,PORE,3965,3965,103572000.0,22000.0,11,7,44,0
2025-06,PUEBLO NUEVO,490,488,48375000.0,90000.0,6,2,18,2
2025-06,PUERTO RONDON,17,17,557000.0,25000.0,1,1,2,0
2025-06,RAMIRIQUI,773,773,7488000.0,10000.0,1,1,3,0
2025-06,SABANALARGA,263,263,11115000.0,50000.0,1,1,7,0
2025-06,SACAMA,139,139,10227000.0,75000.0,1,1,4,0
2025-06,SAN GIL,389,387,20312000.0,40000.0,2,1,11,2
2025-06,SAN LUIS DE GACENO,538,538,20958000.0,40000.0,3,1,26,0
2025-06,SAN LUIS DE PALENQUE,960,960,28520000.0,26000.0,1,1,14,0
2025-06,SANTA MARIA,473,473,15536000.0,30000.0,2,1,26,0
2025-06,SARAVENA,3163,3147,326312000.0,110000.0,15,4,59,16
2025-06,SOCORRO,140,140,8956000.0,60000.0,1,1,13,0
2025-06,SOGAMOSO,2894,2885,130491001.0,50000.0,25,17,42,9
2025-06,TAMARA,941,941,23036000.0,26000.0,1,1,12,0
2025-06,TAME,5713,5713,367845000.0,50000.0,15,7,58,0
2025-06,TAURAMENA,1733,1733,40240000.0,24000.0,5,2,11,0
2025-06,TIBANA,490,490,8853000.0,13000.0,1,1,16,0
2025-06,TRINIDAD,1788,1788,58033000.0,29000.0,2,1,23,0
2025-06,TUNJA,6528,6526,220142100.0,11000.0,52,17,64,2
2025-06,VADOREAL,46,46,2404000.0,45000.0,1,1,9,0
2025-06,VILLA DE LEYVA,228,228,2938500.0,13000.0,2,2,3,0
2025-06,VILLANUEVA,5769,5769,288036000.0,42000.0,14,7,53,0
2025-06,VILLAVICENCIO,10375,10358,728751900.0,65000.0,46,9,44,17
2025-06,YOMASA,1268,1268,83666000.0,65000.0,3,2,26,0
2025-06,YOPAL,37223,37213,1551837000.0,26000.0,57,23,151,10
2025-06,YOPALOSA,5103,5103,120708044.0,20000.0,2,2,47,0
2025-07,AGUAZUL,5963,5962,237194000.0,35000.0,24,8,69,1
2025-07,ARAUCA,10590,10586,1089639999.0,100000.0,49,8,49,4
2025-07,ARAUQUITA,1074,1074,126646000.0,130000.0,5,2,29,0
2025-07,ARCABUCO,32,32,1073000.0,38000.0,1,1,6,0
2025-07,BARBOSA ANGELES,7,7,255000.0,30000.0,3,3,2,0
2025-07,BARRANCA DE UPIA,465,465,18743000.0,35000.0,8,5,23,0
2025-07,BOGOTA COFLONORTE P 27,5836,5815,611018000.0,120000.0,41,15,28,21
2025-07,BOGOTA TERMINAL NORTE,1161,1161,125311000.0,100000.0,44,24,23,0
2025-07,BOGOTA TERMINAL SALITRE P 30,7318,7298,741965002.0,110000.0,57,13,39,20
2025-07,BRICE?O,270,270,30635000.0,110000.0,20,9,16,0
2025-07,BUCARAMANGA TERMINAL,2030,2030,203880000.0,110000.0,30,7,31,0
2025-07,CRAVO NORTE,442,437,29790000.0,70000.0,1,1,1,5
2025-07,CUBARA,323,323,34447000.0,120000.0,2,1,12,0
2025-07,CUCUTA,785,785,85475000.0,105000.0,10,2,17,0
2025-07,CUMARAL,1954,1954,98891800.0,50000.0,13,3,36,0
2025-07,DUITAMA,859,855,50465000.0,61000.0,21,14,30,4
2025-07,EL VENADO,1003,1003,34276000.0,24000.0,13,7,29,0
2025-07,FORTUL,828,825,83412000.0,110000.0,6,1,26,3
2025-07,GARAGOA,837,837,28489000.0,34000.0,3,1,26,0
2025-07,HATO COROZAL,2837,2833,116200000.0,35000.0,8,1,42,4
2025-07,JENESANO,356,356,5349000.0,11000.0,1,1,16,0
2025-07,LA ESMERALDA,249,248,28018000.0,105000.0,3,1,18,1
2025-07,LA SALINA,9,9,675000.0,75000.0,1,1,1,0
2025-07,MANI,518,518,11882000.0,25000.0,4,3,4,0
2025-07,MONIQUIRA,2,2,75000.0,37500.0,2,2,2,0
2025-07,MONTERREY,2178,2178,94833000.0,40000.0,9,3,42,0
2025-07,NUNCHIA,586,586,9235000.0,18000.0,1,1,8,0
2025-07,OIBA,14,14,1090000.0,87500.0,1,1,5,0
2025-07,OROCUE,1235,1233,59265000.0,50000.0,1,1,16,2
2025-07,PAIPA,543,541,17293000.0,8000.0,9,7,26,2
2025-07,PAMPLONA,96,95,8580000.0,100000.0,1,1,14,1
2025-07,PARATEBUENO,465,465,17859000.0,30000.0,6,4,21,0
2025-07,PATRIOTAS TUNJA,416,416,2672100.0,7500.0,3,3,10,0
2025-07,PAZ DE ARIPORO,11102,11102,323659000.0,26000.0,12,6,66,0
2025-07,PIEDECUESTA,242,242,17853000.0,70000.0,3,3,17,0
2025-07,PIPIRAL,540,540,20643000.0,35000.0,4,4,14,0
2025-07,PORE,4051,4051,102444000.0,22000.0,11,6,49,0
2025-07,PUEBLO NUEVO,395,395,39650500.0,100000.0,3,1,19,0
2025-07,PUERTO RONDON,31,31,994000.0,25000.0,1,1,2,0
2025-07,RAMIRIQUI,635,635,6111000.0,10000.0,1,1,3,0
2025-07,SABANALARGA,259,259,10865000.0,50000.0,1,1,7,0
2025-07,SACAMA,148,148,11212000.0,75000.0,1,1,4,0
2025-07,SAN GIL,340,340,16217000.0,30000.0,1,1,10,0
2025-07,SAN LUIS DE GACENO,238,238,9159000.0,39500.0,1,1,18,0
2025-07,SAN LUIS DE PALENQUE,1036,1036,30730000.0,26000.0,1,1,17,0
2025-07,SANTA MARIA,207,204,7524000.0,35000.0,1,1,14,3
2025-07,SARAVENA,3241,3238,337948000.0,110000.0,10,4,75,3
2025-07,SOCORRO,104,104,5940000.0,55000.0,1,1,9,0
2025-07,SOGAMOSO,2714,2711,120634500.0,50000.0,27,16,41,3
2025-07,TAMARA,657,657,16225000.0,26000.0,1,1,10,0
2025-07,TAME,5683,5681,354034008.0,50000.0,12,7,57,2
2025-07,TAURAMENA,1373,1373,31603000.0,24000.0,7,4,9,0
2025-07,TIBANA,393,393,6793000.0,13000.0,1,1,15,0
2025-07,TRINIDAD,2125,2125,68882000.0,29000.0,2,1,21,0
2025-07,TUNJA,5630,5627,171667900.0,10000.0,43,17,59,3
2025-07,VADOREAL,46,46,2868000.0,77500.0,1,1,5,0
2025-07,VILLA DE LEYVA,224,224,2854000.0,13000.0,2,2,3,0
2025-07,VILLANUEVA,5775,5755,287278000.0,42000.0,16,7,53,20
2025-07,VILLAVICENCIO,11003,11000,769262500.0,65000.0,39,7,46,3
2025-07,YOMASA,922,916,57484000.0,55000.0,2,2,23,6
2025-07,YOPAL,37279,37257,1485086501.0,26000.0,62,23,149,22
2025-07,YOPALOSA,5354,5354,127409039.0,20000.0,2,2,52,0
2025-08,AGUAZUL,4499,4494,189582000.0,45000.0,24,8,69,5
2025-08,ARAUCA,8448,8445,856510000.0,100000.0,33,8,41,3
2025-08,ARAUQUITA,753,753,82401000.0,100000.0,4,2,22,0
2025-08,ARCABUCO,13,13,319000.0,20000.0,1,1,3,0
2025-08,BARBOSA ANGELES,6,6,205000.0,37500.0,2,2,3,0
2025-08,BARRANCA DE UPIA,300,300,13390000.0,35000.0,6,4,19,0
2025-08,BOGOTA COFLONORTE P 27,4059,4058,391178000.0,85000.0,40,14,33,1
2025-08,BOGOTA TERMINAL NORTE,872,872,87093000.0,85000.0,37,21,21,0
2025-08,BOGOTA TERMINAL SALITRE P 30,5034,5034,484880001.0,100000.0,54,12,33,0
2025-08,BRICE?O,187,187,19470000.0,90000.0,10,5,15,0
2025-08,BUCARAMANGA TERMINAL,1464,1463,143993000.0,100000.0,24,6,30,1
2025-08,CRAVO NORTE,313,313,21240000.0,70000.0,2,1,1,0
2025-08,CUBARA,240,240,23755000.0,120000.0,3,1,14,0
2025-08,CUCUTA,419,419,43725000.0,100000.0,10,2,15,0
2025-08,CUMARAL,1522,1522,71726000.0,50000.0,6,3,36,0
2025-08,DUITAMA,625,625,32945500.0,43000.0,27,14,28,0
2025-08,EL VENADO,676,676,22691000.0,24000.0,11,6,31,0
2025-08,FORTUL,522,522,51456000.0,100000.0,2,1,20,0
2025-08,GARAGOA,872,872,29768000.0,34000.0,1,1,25,0
2025-08,HATO COROZAL,1909,1908,76778000.0,35000.0,6,1,38,1
2025-08,JENESANO,271,271,4878000.0,11000.0,1,1,17,0
2025-08,LA ESMERALDA,211,210,22176000.0,100000.0,2,1,13,1
2025-08,LA SALINA,3,3,240000.0,75000.0,2,2,1,0
2025-08,MANI,309,309,7102000.0,25000.0,2,2,5,0
2025-08,MONTERREY,1668,1668,76715000.0,40000.0,7,4,38,0
2025-08,NUNCHIA,346,346,5597000.0,18000.0,1,1,8,0
2025-08,OIBA,8,8,630000.0,90000.0,1,1,3,0
2025-08,OROCUE,659,658,31859000.0,50000.0,2,1,19,1
2025-08,PAIPA,478,478,13093000.0,8000.0,10,7,22,0
2025-08,PAMPLONA,73,73,6855000.0,100000.0,2,1,11,0
2025-08,PARATEBUENO,324,324,12574000.0,30000.0,6,3,19,0
2025-08,PATRIOTAS TUNJA,224,224,1428200.0,7500.0,3,3,9,0
2025-08,PAZ DE ARIPORO,7234,7232,215326500.0,26000.0,12,6,60,2
2025-08,PIEDECUESTA,173,173,12420000.0,70000.0,4,3,13,0
2025-08,PIPIRAL,706,706,26158000.0,35000.0,4,2,13,0
2025-08,PORE,2811,2811,76099000.0,22000.0,9,6,43,0
2025-08,PUEBLO NUEVO,243,243,24075000.0,100000.0,1,1,14,0
2025-08,PUERTO RONDON,7,7,175000.0,25000.0,1,1,1,0
2025-08,RAMIRIQUI,477,477,4569500.0,10000.0,1,1,4,0
2025-08,SABANALARGA,169,169,7395000.0,50000.0,1,1,6,0
2025-08,SACAMA,93,93,6929000.0,75000.0,2,1,3,0
2025-08,SAN GIL,177,177,8547000.0,40000.0,1,1,12,0
2025-08,SAN LUIS DE GACENO,320,320,12269000.0,34000.0,3,1,19,0
2025-08,SAN LUIS DE PALENQUE,769,769,23620000.0,26000.0,1,1,13,0
2025-08,SANTA MARIA,12,12,260000.0,20000.0,1,1,2,0
2025-08,SARAVENA,2380,2377,237603000.0,100000.0,9,4,67,3
2025-08,SOCORRO,76,76,4885000.0,55000.0,1,1,8,0
2025-08,SOGAMOSO,2103,2099,89537000.0,50000.0,23,16,39,4
2025-08,TAMARA,674,674,16257000.0,26000.0,1,1,10,0
2025-08,TAME,4192,4192,259084000.0,50000.0,14,8,51,0
2025-08,TAURAMENA,1152,1152,26709000.0,24000.0,3,2,7,0
2025-08,TIBANA,292,292,5211000.0,13000.0,2,1,11,0
2025-08,TRINIDAD,1390,1390,46261000.0,29000.0,2,1,22,0
2025-08,TUNJA,4707,4707,129021000.0,10000.0,34,15,60,0
2025-08,VADOREAL,10,10,540000.0,60000.0,1,1,5,0
2025-08,VILLA DE LEYVA,156,156,2012000.0,13000.0,2,2,2,0
2025-08,VILLANUEVA,4761,4761,242595008.0,45000.0,13,7,51,0
2025-08,VILLAVICENCIO,7803,7802,504667502.0,60000.0,24,7,43,1
2025-08,YOMASA,1008,1008,59174000.0,50000.0,2,2,22,0
2025-08,YOPAL,26485,26484,1049130011.0,26000.0,55,23,138,1
2025-08,YOPALOSA,3423,3423,77084518.0,20000.0,2,2,39,0
2025-09,AGUAZUL,5956,5956,254347000.0,45000.0,35,8,72,0
2025-09,ARAUCA,10363,10361,1046676000.0,100000.0,41,8,46,2
2025-09,ARAUQUITA,879,879,98317000.0,100000.0,5,2,28,0
2025-09,ARCABUCO,20,20,732000.0,38000.0,1,1,8,0
2025-09,BARBOSA ANGELES,21,21,594000.0,25000.0,5,4,11,0
2025-09,BARRANCA DE UPIA,533,533,21462000.0,35000.0,8,6,20,0
2025-09,BOGOTA COFLONORTE P 27,4518,4502,498606000.0,120000.0,44,14,33,16
2025-09,BOGOTA TERMINAL NORTE,1037,1036,111039000.0,110000.0,45,20,30,1
2025-09,BOGOTA TERMINAL SALITRE P 30,6115,6081,635378002.0,110000.0,52,13,41,34
2025-09,BRICE?O,305,305,33367000.0,100000.0,14,4,16,0
2025-09,BUCARAMANGA TERMINAL,2010,2008,188824000.0,100000.0,23,6,34,2
2025-09,CRAVO NORTE,481,481,34087000.0,70000.0,3,1,1,0
2025-09,CUBARA,290,290,29287000.0,120000.0,1,1,12,0
2025-09,CUCUTA,581,581,61461001.0,100000.0,10,2,19,0
2025-09,CUMARAL,1868,1868,95966000.0,50000.0,12,3,34,0
2025-09,DUITAMA,773,771,44251500.0,61000.0,20,14,32,2
2025-09,EL VENADO,1006,1006,34966000.0,24000.0,10,6,29,0
2025-09,FORTUL,639,639,64379000.0,108000.0,5,1,23,0
2025-09,GARAGOA,1213,1213,40739000.0,34000.0,3,2,28,0
2025-09,HATO COROZAL,2544,2543,90330000.0,35000.0,4,1,46,1
2025-09,JENESANO,400,400,7761000.0,11000.0,1,1,18,0
2025-09,LA ESMERALDA,196,196,21400000.0,100000.0,2,1,18,0
2025-09,LA SALINA,3,3,249000.0,83000.0,1,1,1,0
2025-09,MANI,411,411,9269000.0,23000.0,2,2,5,0
2025-09,MONIQUIRA,1,1,80000.0,80000.0,1,1,1,0
2025-09,MONTERREY,1962,1962,86388000.0,40000.0,7,3,41,0
2025-09,NUNCHIA,469,469,7403000.0,18000.0,1,1,8,0
2025-09,OIBA,13,13,850000.0,70000.0,1,1,5,0
2025-09,OROCUE,851,850,41760000.0,50000.0,4,1,24,1
2025-09,PAIPA,657,655,17763000.0,8000.0,10,8,28,2
2025-09,PAMPLONA,90,90,7420000.0,75000.0,1,1,15,0
2025-09,PARATEBUENO,528,528,20672000.0,30000.0,7,2,21,0
2025-09,PATRIOTAS TUNJA,528,528,3332700.0,6500.0,3,3,9,0
2025-09,PAZ DE ARIPORO,9808,9808,282882000.0,26000.0,12,7,65,0
2025-09,PIEDECUESTA,283,283,19656000.0,70000.0,3,3,15,0
2025-09,PIPIRAL,214,214,7706000.0,35000.0,4,4,8,0
2025-09,PORE,3765,3765,92681000.0,22000.0,9,7,40,0
2025-09,PUEBLO NUEVO,338,336,32615000.0,100000.0,2,1,14,2
2025-09,PUERTO RONDON,4,4,112000.0,28000.0,1,1,1,0
2025-09,RAMIRIQUI,629,629,6072500.0,10000.0,1,1,3,0
2025-09,SABANALARGA,268,268,11460000.0,50000.0,1,1,7,0
2025-09,SACAMA,146,146,10750000.0,75000.0,1,1,4,0
2025-09,SAN GIL,291,291,12991000.0,30000.0,2,1,11,0
2025-09,SAN LUIS DE GACENO,326,326,12384000.0,30000.0,3,1,23,0
2025-09,SAN LUIS DE PALENQUE,1004,1004,28103000.0,26000.0,1,1,13,0
2025-09,SANTA MARIA,8,8,208000.0,20000.0,1,1,2,0
2025-09,SARAVENA,3114,3101,314695000.0,100000.0,12,4,79,13
2025-09,SOCORRO,115,115,6759000.0,55000.0,1,1,9,0
2025-09,SOGAMOSO,3091,3083,126432000.0,50000.0,23,16,43,8
2025-09,TAMARA,688,688,16747000.0,26000.0,2,1,12,0
2025-09,TAME,5149,5149,314188002.0,50000.0,12,8,59,0
2025-09,TAURAMENA,1287,1287,30103000.0,24000.0,5,2,9,0
2025-09,TIBANA,449,449,8299000.0,13000.0,1,1,14,0
2025-09,TRINIDAD,1778,1776,54014000.0,29000.0,3,1,31,2
2025-09,TUNJA,6703,6703,205301300.0,10000.0,38,16,65,0
2025-09,VADOREAL,21,21,1330000.0,75000.0,1,1,5,0
2025-09,VILLA DE LEYVA,211,211,2713000.0,13000.0,3,3,3,0
2025-09,VILLANUEVA,5867,5867,294927000.0,46000.0,16,7,55,0
2025-09,VILLAVICENCIO,12482,12482,884361000.0,70000.0,39,8,51,0
2025-09,YOMASA,407,396,22171000.0,44000.0,4,2,18,11
2025-09,YOPAL,34269,34263,1373359004.0,26000.0,57,24,157,6
2025-09,YOPALOSA,3458,3458,80862507.0,20000.0,2,2,43,0
2025-10,AGUAZUL,7164,7163,297959000.0,45000.0,30,9,78,1
2025-10,ARAUCA,11617,11603,1181589998.0,100000.0,46,8,45,14
2025-10,ARAUQUITA,993,993,111842000.0,100000.0,4,2,24,0
2025-10,ARCABUCO,17,17,506000.0,30000.0,1,1,5,0
2025-10,BARBOSA ANGELES,12,12,576000.0,45000.0,4,3,6,0
2025-10,BARRANCA DE UPIA,648,648,24496000.0,35000.0,8,6,22,0
2025-10,BOGOTA COFLONORTE P 27,4512,4507,508633000.0,120000.0,48,17,38,5
2025-10,BOGOTA TERMINAL NORTE,1385,1381,145473000.0,90000.0,45,20,31,4
2025-10,BOGOTA TERMINAL SALITRE P 30,6977,6975,729606001.0,110000.0,57,14,43,2
2025-10,BRICE?O,432,432,42003800.0,90000.0,10,4,25,0
2025-10,BUCARAMANGA TERMINAL,2542,2541,255020000.0,110000.0,31,6,38,1
2025-10,CRAVO NORTE,452,452,32002000.0,70000.0,1,1,1,0
2025-10,CUBARA,314,314,30520000.0,120000.0,3,1,11,0
2025-10,CUCUTA,907,898,97344000.0,100000.0,18,2,17,9
2025-10,CUMARAL,2219,2219,106286000.0,45000.0,9,3,38,0
2025-10,DUITAMA,919,918,62434501.0,61000.0,28,16,27,1
2025-10,EL VENADO,1037,1037,34972000.0,24000.0,10,6,29,0
2025-10,FORTUL,938,932,96563000.0,110000.0,2,1,26,6
2025-10,GARAGOA,1141,1141,38750000.0,34000.0,2,2,29,0
2025-10,HATO COROZAL,2717,2717,103892000.0,35000.0,4,1,50,0
2025-10,JENESANO,456,456,8752000.02,11000.0,1,1,21,0
2025-10,LA ESMERALDA,224,219,24522000.0,100000.0,1,1,14,5
2025-10,LA SALINA,2,2,166000.0,83000.0,1,1,1,0
2025-10,MANI,436,436,9978000.0,23000.0,4,2,5,0
2025-10,MONIQUIRA,3,3,150000.0,50000.0,1,1,1,0
2025-10,MONTERREY,2364,2364,102547000.0,40000.0,10,3,44,0
2025-10,NUNCHIA,529,529,8586000.0,18000.0,1,1,8,0
2025-10,OIBA,7,7,485000.0,80000.0,1,1,4,0
2025-10,OROCUE,1077,1073,54534000.0,50000.0,1,1,18,4
2025-10,PAIPA,612,612,16437000.0,8000.0,14,8,26,0
2025-10,PAMPLONA,245,245,21960000.0,90000.0,5,1,18,0
2025-10,PARATEBUENO,651,651,22954000.0,30000.0,8,2,24,0
2025-10,PATRIOTAS TUNJA,449,449,2910200.0,7500.0,1,1,10,0
2025-10,PAZ DE ARIPORO,10056,10054,293097500.0,26000.0,14,6,68,2
2025-10,PIEDECUESTA,295,295,22642000.0,80000.0,7,3,16,0
2025-10,PIPIRAL,171,171,6234000.0,35000.0,5,3,10,0
2025-10,PORE,3630,3630,93875000.0,22000.0,9,6,45,0
2025-10,PUEBLO NUEVO,460,460,44244000.0,90000.0,2,1,16,0
2025-10,PUERTO RONDON,4,4,161000.0,28000.0,1,1,2,0
2025-10,RAMIRIQUI,688,688,6637000.0,10000.0,1,1,3,0
2025-10,SABANALARGA,302,302,12620000.0,50000.0,1,1,7,0
2025-10,SACAMA,151,151,11399000.0,75000.0,1,1,3,0
2025-10,SAN GIL,303,303,16315000.0,55000.0,1,1,12,0
2025-10,SAN LUIS DE GACENO,496,496,19160000.0,34000.0,2,1,19,0
2025-10,SAN LUIS DE PALENQUE,1051,1051,29199000.0,26000.0,1,1,12,0
2025-10,SANTA MARIA,340,340,11884000.0,35000.0,2,1,18,0
2025-10,SARAVENA,3831,3824,392018000.0,110000.0,9,4,85,7
2025-10,SATELITE YOPAL,10147,10147,276932000.0,26000.0,9,7,72,0
2025-10,SOCORRO,132,132,8422000.0,55000.0,1,1,9,0
2025-10,SOGAMOSO,3618,3607,160693000.0,50000.0,31,15,48,11
2025-10,TAMARA,1001,1001,24402000.0,26000.0,1,1,12,0
2025-10,TAME,6110,6107,383464500.0,50000.0,12,8,63,3
2025-10,TAURAMENA,1606,1606,37165000.0,24000.0,5,2,9,0
2025-10,TIBANA,516,516,8943000.0,13000.0,1,1,16,0
2025-10,TRINIDAD,2035,2035,63856000.0,29000.0,2,1,24,0
2025-10,TUNJA,6979,6979,233120501.0,11000.0,38,15,64,0
2025-10,VADOREAL,28,28,1845000.0,80000.0,1,1,5,0
2025-10,VILLA DE LEYVA,205,205,2660000.0,13000.0,2,2,2,0
2025-10,VILLANUEVA,6324,6321,312468800.0,46000.0,15,7,55,3
2025-10,VILLAVICENCIO,12311,12310,851756001.0,65000.0,38,8,48,1
2025-10,YOMASA,353,353,18989000.0,40000.0,2,1,21,0
2025-10,YOPAL,28579,28567,1320355103.0,45000.0,69,21,148,12
2025-10,YOPALOSA,1339,1339,33952500.0,20000.0,1,1,38,0
2025-11,AGUAZUL,6454,6448,276662008.0,45000.0,30,10,76,6
2025-11,ARAUCA,11136,11131,1132655000.0,100000.0,36,9,48,5
2025-11,ARAUQUITA,1065,1065,123928000.0,120000.0,5,2,25,0
2025-11,ARCABUCO,15,15,536000.0,35000.0,1,1,5,0
2025-11,BARBOSA ANGELES,11,11,491000.0,40000.0,4,3,5,0
2025-11,BARRANCA DE UPIA,638,638,27153088.0,35000.0,12,7,24,0
2025-11,BOGOTA COFLONORTE P 27,5651,5646,611403000.0,120000.0,45,15,33,5
2025-11,BOGOTA TERMINAL NORTE,1468,1467,154156000.0,110000.0,43,20,28,1
2025-11,BOGOTA TERMINAL SALITRE P 30,7676,7673,764964000.0,110000.0,54,14,37,3
2025-11,BRICE?O,315,315,32395000.0,100000.0,8,3,19,0
2025-11,BUCARAMANGA TERMINAL,2343,2339,227829000.0,100000.0,38,6,37,4
2025-11,CRAVO NORTE,453,453,32062000.0,70000.0,2,1,1,0
2025-11,CUBARA,282,274,28338000.0,120000.0,3,1,15,8
2025-11,CUCUTA,799,799,84975000.0,100000.0,15,2,17,0
2025-11,CUMARAL,2430,2429,120385100.0,50000.0,11,4,37,1
2025-11,DUITAMA,841,840,54206500.0,61000.0,23,17,28,1
2025-11,EL VENADO,1143,1143,36464000.0,24000.0,11,8,33,0
2025-11,FORTUL,845,845,82650000.0,108000.0,2,1,24,0
2025-11,GARAGOA,1132,1132,38748000.0,34000.0,3,2,26,0
2025-11,HATO COROZAL,2596,2596,95878000.0,35000.0,5,1,44,0
2025-11,JENESANO,475,475,8221000.0,11000.0,2,1,19,0
2025-11,LA ESMERALDA,270,268,29486000.0,100000.0,1,1,14,2
2025-11,LA SALINA,7,7,581000.0,83000.0,1,1,1,0
2025-11,MANI,465,465,10664000.0,25000.0,4,2,6,0
2025-11,MONIQUIRA,4,4,200000.0,47500.0,2,2,2,0
2025-11,MONTERREY,2138,2138,93835000.0,40000.0,9,3,42,0
2025-11,NUNCHIA,526,526,8366000.0,18000.0,1,1,7,0
2025-11,OIBA,19,19,1300000.0,80000.0,1,1,5,0
2025-11,OROCUE,1081,1079,54210000.0,50000.0,1,1,18,2
2025-11,PAIPA,754,754,18786000.0,8000.0,12,8,23,0
2025-11,PAMPLONA,166,166,13700000.0,80000.0,1,1,13,0
2025-11,PARATEBUENO,694,694,27784000.0,30000.0,6,2,26,0
2025-11,PATRIOTAS TUNJA,451,451,2774200.0,6500.0,1,1,9,0
2025-11,PAZ DE ARIPORO,10185,10185,293072000.0,26000.0,15,7,68,0
2025-11,PIEDECUESTA,241,241,18969000.0,80000.0,6,3,15,0
2025-11,PIPIRAL,1004,1004,37131000.0,35000.0,9,3,15,0
2025-11,PORE,4082,4082,103681000.0,22000.0,12,7,48,0
2025-11,PUEBLO NUEVO,439,439,43555000.0,110000.0,2,1,17,0
2025-11,PUERTO RONDON,9,9,350000.0,28000.0,1,1,2,0
2025-11,RAMIRIQUI,699,699,6702000.0,10000.0,1,1,3,0
2025-11,SABANALARGA,288,288,11850000.0,50000.0,1,1,7,0
2025-11,SACAMA,166,166,12202000.0,75000.0,1,1,5,0
2025-11,SAN GIL,322,322,17289000.0,60000.0,1,1,12,0
2025-11,SAN LUIS DE GACENO,458,455,17262000.0,30000.0,4,1,22,3
2025-11,SAN LUIS DE PALENQUE,923,923,25827000.0,26000.0,2,2,15,0
2025-11,SANTA MARIA,509,509,17192000.0,34000.0,1,1,21,0
2025-11,SARAVENA,3734,3720,384380000.0,110000.0,10,4,81,14
2025-11,SATELITE YOPAL,10668,10667,289753016.0,26000.0,9,4,83,1
2025-11,SOCORRO,94,94,5925000.0,55000.0,2,1,6,0
2025-11,SOGAMOSO,3214,3213,137333500.0,50000.0,28,15,44,1
2025-11,TAMARA,1000,1000,24501000.0,26000.0,1,1,10,0
2025-11,TAME,6209,6204,369414000.0,50000.0,15,7,65,5
2025-11,TAURAMENA,1417,1417,33041000.0,24000.0,4,1,8,0
2025-11,TIBANA,474,474,8756000.0,13000.0,1,1,16,0
2025-11,TRINIDAD,1838,1838,58404000.0,29000.0,2,2,25,0
2025-11,TUNJA,7468,7466,244190500.0,11000.0,43,15,64,2
2025-11,VADOREAL,29,29,1869000.0,80000.0,1,1,5,0
2025-11,VILLA DE LEYVA,177,177,2281000.0,13000.0,2,2,3,0
2025-11,VILLANUEVA,6184,6181,306911000.0,46000.0,17,8,53,3
2025-11,VILLAVICENCIO,12039,12038,837127000.0,60000.0,39,8,48,1
2025-11,YOMASA,953,952,54240000.0,45000.0,5,3,26,1
2025-11,YOPAL,26673,26669,1244009503.0,45000.0,55,20,145,4
2025-11,YOPALOSA,418,418,9309000.0,20000.0,1,1,21,0
2025-12,AGUAZUL,6706,6706,334706000.0,50000.0,30,10,74,0
2025-12,ARAUCA,11379,11348,1326269501.0,120000.0,38,9,46,31
2025-12,ARAUQUITA,1599,1599,211151000.0,130000.0,6,2,31,0
2025-12,ARCABUCO,12,12,506000.0,50000.0,1,1,3,0
2025-12,BARBOSA ANGELES,38,38,1302000.0,32000.0,7,5,8,0
2025-12,BARRANCA DE UPIA,709,709,34757000.0,35000.0,10,6,24,0
2025-12,BOGOTA COFLONORTE P 27,10176,10161,1493098000.0,155000.0,50,17,34,15
2025-12,BOGOTA TERMINAL NORTE,1499,1496,214401000.0,150000.0,51,24,28,3
2025-12,BOGOTA TERMINAL SALITRE P 30,11516,11504,1597873001.0,150000.0,67,15,35,12
2025-12,BRICE?O,452,452,63765000.0,150000.0,11,5,18,0
2025-12,BUCARAMANGA TERMINAL,3721,3706,438293000.0,125000.0,47,6,38,15
2025-12,CRAVO NORTE,406,406,28793000.0,70000.0,2,1,2,0
2025-12,CUBARA,480,480,52506000.0,130000.0,7,1,13,0
2025-12,CUCUTA,1262,1256,149886000.0,120000.0,20,2,19,6
2025-12,CUMARAL,2461,2461,147328000.0,50000.0,9,4,36,0
2025-12,DUITAMA,1120,1114,89519501.0,63000.0,26,15,30,6
2025-12,EL VENADO,1133,1133,44161600.0,25000.0,12,8,33,0
2025-12,FORTUL,1114,1109,123050000.0,119250.0,1,1,27,5
2025-12,GARAGOA,1429,1423,50169000.0,33000.0,2,2,31,6
2025-12,HATO COROZAL,2766,2762,125552000.0,38000.0,4,1,45,4
2025-12,JENESANO,326,326,5299000.0,11000.0,3,1,16,0
2025-12,LA ESMERALDA,477,474,53855000.0,105000.0,2,1,17,3
2025-12,LA SALINA,3,3,249000.0,83000.0,1,1,1,0
2025-12,MANI,545,545,13280000.0,27000.0,3,2,6,0
2025-12,MONIQUIRA,3,3,45000.0,15000.0,1,1,1,0
2025-12,MONTERREY,2119,2119,108222000.0,45000.0,6,3,42,0
2025-12,NUNCHIA,507,507,8957000.0,20000.0,1,1,7,0
2025-12,OIBA,25,25,2440000.0,100000.0,1,1,3,0
2025-12,OROCUE,1217,1212,66424000.0,54000.0,1,1,19,5
2025-12,PAIPA,625,620,25866000.0,12000.0,14,9,26,5
2025-12,PAMPLONA,398,398,43455000.0,120000.0,7,1,15,0
2025-12,PARATEBUENO,720,720,32280000.0,32000.0,6,1,27,0
2025-12,PATRIOTAS TUNJA,464,464,2756700.0,6500.0,1,1,9,0
2025-12,PAZ DE ARIPORO,10845,10845,346653000.0,28000.0,13,8,70,0
2025-12,PIEDECUESTA,355,347,34387000.0,90000.0,5,3,12,8
2025-12,PIPIRAL,775,775,33178000.0,40000.0,6,3,11,0
2025-12,PORE,4280,4280,119271000.0,24000.0,10,7,53,0
2025-12,PUEBLO NUEVO,624,624,69532000.0,120000.0,1,1,18,0
2025-12,PUERTO RONDON,5,5,140000.0,28000.0,1,1,1,0
2025-12,RAMIRIQUI,625,625,6108500.0,10000.0,1,1,3,0
2025-12,SABANALARGA,275,275,11040000.0,50000.0,1,1,7,0
2025-12,SACAMA,187,187,14423000.0,75000.0,1,1,5,0
2025-12,SAN GIL,420,420,26759000.0,65000.0,1,1,13,0
2025-12,SAN LUIS DE GACENO,524,524,19719000.0,32000.0,2,1,22,0
2025-12,SAN LUIS DE PALENQUE,1163,1160,37309000.0,28000.0,2,1,20,3
2025-12,SANTA MARIA,577,577,19716000.0,32000.0,1,1,20,0
2025-12,SARAVENA,4208,4174,472030001.0,110000.0,12,4,68,34
2025-12,SATELITE YOPAL,9666,9666,285472000.0,28000.0,5,4,83,0
2025-12,SOCORRO,155,155,11047000.0,60000.0,1,1,9,0
2025-12,SOGAMOSO,3989,3978,223047001.0,55000.0,30,17,44,11
2025-12,TAMARA,1123,1123,29366000.0,28000.0,1,1,13,0
2025-12,TAME,6922,6922,452660000.0,55000.0,16,8,67,0
2025-12,TAURAMENA,1701,1701,42049000.0,26000.0,4,1,10,0
2025-12,TIBANA,647,647,11796000.0,13000.0,1,1,18,0
2025-12,TRINIDAD,2175,2174,80866000.0,31000.0,2,1,30,1
2025-12,TUNJA,7772,7758,309867000.0,13000.0,48,16,64,14
2025-12,VADOREAL,38,38,3128000.0,100000.0,1,1,6,0
2025-12,VILLA DE LEYVA,225,225,3067000.0,14000.0,2,2,3,0
2025-12,VILLANUEVA,6911,6911,397531000.0,50000.0,14,7,57,0
2025-12,VILLAVICENCIO,15793,15780,1362537000.0,70000.0,47,7,46,13
2025-12,YOMASA,1327,1327,100811000.0,70000.0,5,2,26,0
2025-12,YOPAL,34370,34364,1818999008.0,46000.0,75,22,157,6
